code,name,eps,eps_yoy,bvps,roe,epcf,net_profits,profits_yoy,distrib,report_date
000785,武汉中商,1.42,14100.0,,37.49,,35753.53,17416.64,,03-31
600516,方大炭素,2.11,5175.0,,46.62,,362041.86,5267.65,10派19,02-13
000016,深康佳A,2.1,5189.92,,63.26,,505702.52,5185.74,,03-31
600581,八一钢铁,1.52,3075.0,,42.18,,116795.96,3047.86,10转10,03-13
600971,恒源煤电,1.1,2650.0,,17.56,,110474.91,3030.79,10派3.6,03-24
600793,宜宾纸业,0.88,2807.62,,92.96,,9246.47,2809.3,,02-28
600570,恒生电子,0.76,2433.33,,17.54,,47121.9,2476.18,10派2.9,03-27
000717,韶钢松山,1.04,2500.25,,146.69,,251654.74,2381.13,,03-06
002061,浙江交科,0.87,625.0,,26.4,,110680.66,1569.9,,03-31
300122,智飞生物,0.27,1250.0,,15.85,,43227.54,1229.25,10派1.3,03-20
600569,安阳钢铁,0.67,1211.76,,28.4,,160078.15,1198.94,,03-16
600963,岳阳林纸,0.28,833.33,,5.16,,34773.83,1131.86,10派0.38,03-20
000759,中百集团,0.1,945.26,,2.26,,6764.62,946.18,10派0.6,03-28
000557,西部创业,0.06,900.0,,2.19,,8699.48,943.17,,03-22
002016,世荣兆业,1.13,875.28,,44.17,,91298.16,875.09,,03-31
600962,国投中鲁,0.03,832.35,,1.01,,831.59,824.01,,03-29
600282,南钢股份,0.79,779.73,,36.8,,320034.94,804.73,10派0.5,02-13
600528,中铁工业,0.63,447.83,,10.19,,133938.59,697.9,10派1.9,03-28
603299,井神股份,0.32,676.02,,8.7,,17812.61,676.0,10派0.96,03-28
002109,兴化股份,0.29,635.25,,6.39,,20641.3,635.03,,03-31
000990,诚志股份,0.65,122.41,,5.21,,80850.86,629.83,10派1.5,03-16
300016,北陆药业,0.36,620.0,,12.3,,11881.67,625.4,10派0.37,02-28
600753,东方银星,0.15,640.0,,12.48,,1897.5,623.45,,02-28
300618,寒锐钴业,3.91,428.38,,52.67,,44940.48,575.04,,02-13
000537,广宇发展,1.29,92.54,,27.56,,217179.14,528.96,10派1.3,03-21
603612,索通发展,2.66,442.86,,29.69,,54776.78,516.06,10派6.77转4,03-20
600279,重庆港九,0.7,536.36,,13.89,,48328.12,515.96,10派2.1,03-29
000779,三毛派神,0.43,503.69,,30.66,,7925.06,503.07,,03-09
000807,云铝股份,0.25,400.0,,6.86,,65700.1,494.41,10派0.7,03-20
600449,宁夏建材,0.71,488.72,,7.72,,33730.5,485.09,10派2.2,03-24
600490,鹏欣资源,0.16,433.33,,5.61,,30122.94,484.99,,03-15
600567,山鹰纸业,0.44,388.89,,21.54,,201451.83,471.0,10派1.33,03-20
000513,丽珠集团,8.09,308.59,,51.17,,442868.46,464.63,10派20转3,03-24
000959,首钢股份,0.42,451.32,,8.7,,221065.11,451.33,,03-30
600621,华鑫股份,0.77,165.52,,13.47,,77459.31,402.28,10派2.2,03-30
000918,嘉凯城,1.1,400.0,,48.82,,198774.96,398.39,,03-24
002469,三维工程,0.11,450.0,,4.87,,5726.27,386.64,10派0.5,03-16
600673,东阳光科,0.21,377.27,,13.18,,52306.58,377.76,,03-27
002617,露笑科技,0.42,366.67,,12.81,,30838.94,376.18,10派0.2转5,03-06
000039,中集集团,0.81,478.57,10.88,8.0,1.43,250924.2,364.97,10派2.7,03-28
002145,中核钛白,0.24,388.0,,13.98,,38854.9,362.06,10派0.2,03-09
600801,华新水泥,1.39,363.33,,18.98,,207764.06,359.72,10派2.8,03-26
601717,郑煤机,0.17,339.47,,2.72,,28425.08,358.49,10派0.5,03-30
300038,梅泰诺,1.51,165.28,,7.4,,48726.84,350.74,10派1.5转18,03-24
300346,南大光电,0.21,348.61,,2.82,,3383.91,348.28,,03-29
300102,乾照光电,0.3,328.57,,8.1,,21056.03,335.2,10派0.3,03-01
600549,厦门钨业,0.57,320.68,,9.24,,61837.84,320.66,10派2转3,03-30
600260,凯乐科技,1.08,295.17,,19.25,,73958.29,305.85,10派1,03-28
000585,东北电气,-0.45,295.08,,,,-39705.76,299.08,,03-30
300349,金卡智能,1.48,208.33,,12.2,,34814.21,297.38,,03-29
601866,中远海发,0.13,297.14,,10.25,,146189.05,296.61,,03-30
002136,安纳达,0.76,285.23,,27.98,,16376.92,285.24,10派1,03-27
300107,建新股份,0.16,279.29,,9.22,,8707.57,282.7,,03-31
600400,红豆股份,0.34,209.09,,14.18,,60803.74,281.41,10派2转4,03-28
600507,方大特钢,1.92,284.0,,67.67,,253952.66,281.4,10派16,02-09
601225,陕西煤业,1.04,271.43,,26.59,,1044940.0,279.3,10派4.18,03-30
600308,华泰股份,0.58,269.87,,9.86,,67368.16,270.08,10派1.74,03-17
000517,荣安地产,0.17,263.68,,13.72,,54175.58,263.75,10派0.2,03-28
002012,凯恩股份,0.07,250.0,,2.55,,3061.46,252.33,,03-07
000898,鞍钢股份,0.78,247.53,6.91,11.81,,560500.0,246.84,10派2.32,03-27
600720,祁连山,0.74,244.97,,11.24,,57469.18,245.0,10派2.3,03-22
002341,新纶科技,0.34,155.32,,5.18,,17253.05,244.05,10派0.35转10,02-28
601600,中国铝业,0.09,350.0,,3.55,,137843.5,242.47,,03-23
600808,马钢股份,0.54,235.96,,18.92,,412893.99,235.99,10派1.65,03-21
002334,英威腾,0.3,220.69,,12.94,,22585.5,231.81,10派1.5,03-30
600188,兖州煤业,1.38,227.96,,14.0,,677061.8,227.94,10派4.8,03-24
600711,盛屯矿业,0.41,223.81,,14.2,,61033.41,223.67,10派1,03-13
600251,冠农股份,0.11,221.66,,4.42,,8507.35,221.54,10派0.35,03-29
002075,沙钢股份,0.32,219.0,,23.01,,70480.16,220.37,,03-20
600888,新疆众和,0.14,136.05,,3.65,,12060.13,206.97,10派0.5,03-26
600309,万华化学,4.09,140.59,,50.66,,1113479.03,202.62,,03-13
002648,卫星石化,1.04,166.67,,18.33,,94245.68,202.49,10派0.88,03-13
600258,首旅酒店,0.77,7.48,,8.98,,63088.81,199.09,10派0.8转2,03-30
000795,英洛华,0.09,200.0,,5.08,,10274.93,197.13,,03-09
002166,莱茵生物,0.47,193.75,,21.71,,20593.97,195.62,10派0.5,03-30
600731,湖南海利,0.13,196.28,,5.29,,4168.77,194.51,,03-27
603002,宏昌电子,0.13,225.0,,7.39,,7844.94,194.05,10派0.64,03-30
601857,中国石油,0.12,200.0,,1.9,,2279300.0,188.52,10派0.6074,03-23
600769,祥龙电业,0.01,180.0,,11.05,,511.71,185.56,,03-30
300700,岱勒新材,1.66,159.38,,32.98,,11134.73,183.33,,02-28
000615,京汉股份,0.4,185.71,,16.85,,30922.45,183.06,10派0.5,03-28
002265,西仪股份,0.06,200.0,,2.05,,1967.92,180.63,,03-27
000338,潍柴动力,0.85,39.34,,20.25,,680834.25,178.89,10派2.5,03-29
002379,宏创控股,0.04,178.43,,3.21,,3943.14,178.66,,03-10
600316,洪都航空,0.04,177.92,,0.6,,3068.05,177.89,10派0.13,03-17
600050,中国联通,0.02,157.53,,0.49,,42584.47,176.39,10派0.204,03-16
603993,洛阳钼业,0.14,133.33,,9.89,,272779.62,173.32,10派0.76,03-30
603595,东尼电子,2.03,138.82,,37.32,,17336.57,173.27,,03-23
600961,株冶集团,0.11,175.0,,30.36,,5544.96,168.01,,02-07
000877,天山股份,0.3,165.43,,4.33,,26492.52,165.5,10派0.8,03-23
601326,秦港股份,0.18,157.14,,7.8,,96297.08,163.81,10派0.62,03-30
000420,吉林化纤,0.04,55.2,,3.12,,8559.41,163.33,,02-27
601168,西部矿业,0.11,175.0,,2.25,,26064.79,161.17,10派1,03-28
600727,鲁北化工,0.22,144.44,,6.98,,7844.85,160.12,,03-22
300451,创业软件,0.7,125.81,,8.74,,16324.42,159.1,10派1转10,02-06
600190,锦州港,0.07,157.82,,2.4,,14309.91,157.82,10派0.22,02-14
600502,安徽水利,0.6,76.47,,12.45,,78133.97,155.64,10派0.5送2,03-22
600527,江南高纤,0.09,200.0,,4.09,,7005.57,155.22,10派1.5转5,02-08
600328,兰太实业,0.48,148.96,,10.02,,21047.89,152.74,10派1.46,03-22
000695,滨海能源,0.04,150.86,,2.93,,974.84,151.03,,03-16
002596,海南瑞泽,0.18,-18.18,,7.83,,17620.44,150.94,10派0.2,03-28
002383,合众思壮,0.33,-28.94,,6.7,,24192.67,150.83,10派0.5,03-28
000552,靖远煤电,0.24,149.23,,8.4,,55221.1,149.06,10派1,03-27
601007,金陵饭店,0.35,148.2,,7.21,,10347.71,148.57,10派2.4,03-02
600210,紫江企业,0.37,147.3,,12.96,,55480.3,147.81,10派1.5,03-22
002039,黔源电力,1.05,147.17,,14.39,,32034.99,147.16,10派3,03-29
300161,华中数控,0.19,137.75,,2.91,,3287.0,146.8,10派0.2,02-12
603007,花王股份,0.51,-21.54,,18.78,,17068.02,137.23,10派0.52,03-27
600360,华微电子,0.13,116.67,,4.59,,9485.38,133.52,10派0.2,02-10
601012,隆基股份,1.81,110.47,,30.14,,356452.56,130.38,10派1.8,03-29
601678,滨化股份,0.7,133.33,,15.5,,82576.13,130.14,10派2.2转3,03-09
600738,兰州民百,0.18,8.28,,8.42,,14344.61,129.74,10派1,03-20
002586,围海股份,0.22,69.23,,5.97,,21332.4,129.23,10派0.5,03-27
000818,方大化工,0.37,125.2,,10.72,,25554.2,128.01,10派0.8,02-27
600293,三峡新材,0.35,-5.52,,11.31,,40375.24,125.05,10派1.04,03-20
002536,西泵股份,0.72,125.0,,12.42,,24155.21,123.96,10派3,03-28
000851,高鸿股份,0.29,112.99,,5.66,,17930.83,123.86,10转4,03-27
300684,中石科技,1.26,123.08,,22.24,,8224.4,123.06,10派1.9,03-30
600858,银座股份,0.09,122.88,,1.64,,4912.79,122.54,10派0.3,03-28
300143,星普医科,0.43,95.45,,5.22,,12239.62,122.21,10转9,03-17
002925,盈趣科技,2.59,121.37,,80.97,,98386.25,120.86,10派8,03-30
000666,经纬纺机,1.7,120.78,,16.59,,120020.51,120.4,10派2.1,03-24
603179,新泉股份,1.65,73.68,,22.52,,25016.53,120.07,,03-26
300226,上海钢联,0.3,115.62,,9.13,,4817.8,117.95,,03-17
002534,杭锅股份,0.57,83.87,,14.95,,41733.28,117.89,10派2,03-27
600378,天科股份,0.2,122.22,,7.64,,5888.18,117.19,10派0.6,03-10
002193,如意集团,0.27,107.69,,2.83,,7093.31,116.47,10派1,03-27
603003,龙宇燃油,0.13,28.04,,1.42,,5903.06,115.69,10派0.4,03-22
300740,御家汇,1.32,112.9,4.5,34.43,1.45,15849.42,114.85,10派4转7,01-22
000951,中国重汽,1.34,116.13,,17.14,,89758.07,114.64,10派6.8,03-24
002365,永安药业,0.71,113.15,,9.92,,13315.07,113.74,,03-31
002125,湘潭电化,0.14,133.33,,4.38,,4717.15,112.1,,03-15
601016,节能风电,0.1,5.49,,6.15,,39902.87,111.58,10派0.44,03-30
600017,日照港,0.12,100.0,,3.51,,36887.56,109.3,10派0.2,03-20
000631,顺发恒业,0.31,93.75,,13.17,,76504.03,108.85,10派3.1,03-27
000401,冀东水泥,0.08,110.26,,1.1,,11038.33,108.72,,03-23
600511,国药股份,1.55,35.56,,16.06,,114148.49,108.45,10派4.5,03-23
600367,红星发展,0.33,108.19,,8.55,,9547.36,108.19,10派0.33,03-15
000790,泰合健康,0.4,108.1,,22.84,,17166.7,108.09,10派0.8送3,03-06
601002,晋亿实业,0.19,111.11,,6.16,,14759.26,107.32,10派1,03-28
000833,贵糖股份,0.12,100.0,,2.98,,7976.62,105.91,10派0.5,03-14
603225,新凤鸣,2.6,87.05,,29.04,,149659.49,104.57,10派2.6,02-12
600362,江西铜业,0.46,100.0,,3.39,,160410.78,103.69,10派2,03-29
600590,泰豪科技,0.38,100.0,,6.53,,25193.47,103.45,10派1.2送3,03-20
600488,天药股份,0.12,80.3,,4.46,,12980.83,103.44,10派0.36,03-29
002362,汉王科技,0.2,102.81,,5.47,,4325.49,102.89,,03-20
000789,万年青,0.75,101.77,,15.61,,46262.82,101.8,10派3.5,03-30
000786,北新建材,1.31,65.32,,20.66,,234398.54,100.16,10派3.55,03-17
603636,南威软件,0.25,-50.98,,11.01,,10302.55,100.15,10派2,03-30
601155,新城控股,2.71,99.26,,34.18,,602890.77,99.68,10派8.1,03-15
603085,天成自控,0.31,-8.82,,7.36,,7012.12,99.09,,03-15
601088,中国神华,2.26,98.25,15.16,14.67,4.78,4503700.0,98.3,10派9.1,03-24
600736,苏州高新,0.48,84.62,,10.22,,60626.08,97.41,10派1.45,03-22
600588,用友网络,0.27,92.86,3.99,6.71,0.99,38908.09,97.11,10派1.5转3,03-24
600728,佳都科技,0.13,87.1,,6.95,,21250.09,96.88,10派0.31,03-17
600438,通威股份,0.52,61.06,,16.07,,201204.43,96.35,10派1.6,03-30
002717,岭南股份,1.23,83.58,,17.51,,50928.2,95.27,10派1.75转13,03-20
601158,重庆水务,0.43,95.45,,15.09,,206691.88,93.51,10派3,03-24
002258,利尔化学,0.77,92.5,,18.11,,40196.73,92.93,,02-01
300459,金科文化,0.25,31.58,,7.63,,39393.35,92.16,10派0.2,03-07
002080,中材科技,0.95,80.25,,9.23,,76728.37,91.15,10派3转6,03-22
600970,中材国际,0.56,93.1,,13.47,,97692.45,91.04,10派1.68,03-24
601899,紫金矿业,0.16,77.78,,11.1,,350771.76,90.66,10派0.9,03-24
601588,北辰实业,0.34,88.89,,9.41,,114041.07,89.88,10派1.1,03-22
603518,维格娜丝,1.28,88.24,,12.28,,18993.77,89.32,10派1.58,03-09
603108,润达医疗,0.38,-7.32,,9.98,,21918.67,88.26,,03-29
600382,广东明珠,0.71,42.0,,6.73,,33211.23,87.42,10派0.35,03-30
000930,中粮生化,0.25,86.72,,14.11,,23730.72,86.74,,03-27
002449,国星光电,0.75,86.76,,11.9,,35913.39,86.74,10派3.2转3,03-21
600585,海螺水泥,2.99,85.71,16.87,19.12,3.28,1585467.01,85.87,10派12,03-23
002649,博彦科技,0.43,-39.14,,10.95,,21764.45,85.74,10派0.83,03-12
002597,金禾实业,1.81,86.6,,35.84,,102226.85,85.37,10派6,02-28
600200,江苏吴中,0.19,76.19,,4.54,,13310.53,85.21,,03-31
600067,冠城大通,0.4,81.82,,8.47,,59516.4,85.11,10派1.2,03-16
002211,宏达新材,0.05,66.67,,2.6,,2042.69,85.05,,03-30
300450,先导智能,1.29,80.56,,34.16,,53750.0,84.93,10派2.3转10,03-08
000921,海信科龙,1.47,83.75,,35.12,,199753.01,83.64,10派4.4,03-30
300103,达刚路机,0.2,83.26,,4.98,,4333.17,83.27,10转5,03-27
000488,晨鸣纸业,1.7,71.72,,15.8,,376932.55,82.62,10派6转5,03-28
600828,茂业商业,0.6,82.1,,25.04,,103451.88,82.12,10派1.5,03-16
600272,开开实业,0.16,77.78,,7.69,,3873.05,81.9,10派0.5,03-30
300708,聚灿光电,0.54,71.97,,20.41,,11002.55,81.53,10派0.6,03-28
300296,利亚德,0.74,-14.94,3.45,24.06,,120978.15,80.88,10派1.1转5,03-27
600315,上海家化,0.58,81.25,,7.16,,38980.19,80.45,10派1.8,03-21
600667,太极实业,0.2,42.86,,7.11,,41779.0,79.68,,03-31
300233,金城医药,0.77,22.22,,8.46,,28630.41,79.62,10派2,03-29
000034,神州数码,1.11,64.97,,24.1,,72292.47,79.03,10派0.38,03-29
000757,浩物股份,0.1,66.67,,7.9,,4709.52,78.93,,03-16
600876,洛阳玻璃,0.04,78.08,,3.85,,2056.81,78.6,,03-23
002497,雅化集团,0.25,78.57,,9.59,,23833.44,78.11,10派0.2,03-30
300215,电科院,0.17,70.0,,6.49,,12580.87,78.02,,03-31
000662,天夏智慧,0.68,48.33,,10.84,,57417.45,77.49,10派0.7转3,03-29
000612,焦作万方,0.15,76.19,,3.81,,17573.11,77.11,10派0.5,03-29
300260,新莱应材,0.11,-9.69,,3.24,,2158.1,77.04,10派0.2,03-20
600460,士兰微,0.14,75.0,,6.65,,16948.66,76.75,10派0.4,03-27
600287,江苏舜天,0.19,76.39,,4.35,,8289.13,76.38,10派0.8,03-27
603938,三孚股份,1.09,51.39,,19.05,,14274.43,76.07,,03-30
000838,财信发展,0.18,75.96,,11.22,,19579.02,75.9,10派0.36,02-13
000011,深物业A,1.05,75.56,,26.64,,62296.27,75.55,10派3,03-30
600787,中储股份,0.61,74.29,,13.35,,133778.06,74.32,10派0.61,03-17
603180,金牌厨柜,2.78,44.79,,27.78,,16674.82,73.29,,03-28
600710,苏美达,0.27,35.0,,9.32,,35809.96,73.28,10派0.42,03-20
002245,澳洋顺昌,0.36,71.37,,16.27,,35441.81,72.36,10派0.4,02-13
601238,广汽集团,1.65,68.37,,21.49,,1078621.99,71.53,10派4.3转4,03-30
000756,新华制药,0.45,66.67,,9.7,,20959.19,71.42,10派0.5转3,03-26
600338,西藏珠峰,1.71,71.26,,71.24,,111364.47,71.26,,03-10
600114,东睦股份,0.72,56.52,,12.48,,30010.19,70.65,10派3转4.8,03-20
300532,今天国际,0.61,-21.79,,12.44,,9320.48,70.58,10派3转8,03-27
002439,启明星辰,0.51,64.52,,15.58,,45189.2,70.41,10派0.5,03-28
600785,新华百货,0.47,67.86,,5.37,,10695.48,69.88,10派44.5,02-14
002503,搜于特,0.2,-23.08,,11.34,,61282.88,69.43,10派2,03-27
002408,齐翔腾达,0.48,71.43,,13.61,,84961.2,69.07,,03-31
300567,精测电子,2.07,29.38,,21.08,,16684.74,69.07,,03-29
300320,海达股份,0.27,-6.08,,15.91,,14028.01,69.05,,01-30
603726,朗迪集团,1.2,55.84,,14.52,,11337.95,68.83,,03-27
002121,科陆电子,0.34,47.88,,10.96,,45866.18,68.75,10派0.35,03-06
601628,中国人寿,1.13,71.21,11.35,10.49,7.11,3225300.0,68.63,10派4,03-23
600798,宁波海运,0.14,68.49,,5.37,,14883.06,68.42,10派0.5,03-27
300677,英科医疗,1.75,48.31,,18.88,,14508.41,68.19,,02-28
600094,大名城,0.57,44.44,,12.57,,141197.54,68.04,10派0.6,03-06
601137,博威合金,0.49,32.43,,9.49,,30555.11,66.65,10派1.5,03-10
600018,上港集团,0.5,66.27,,17.92,,1153619.16,66.25,10派1.72,03-28
603025,大豪科技,0.88,66.04,,24.94,,39651.3,66.07,10派10,03-28
600368,五洲交通,0.44,65.54,,11.57,,36771.08,65.52,10派1.5送3.5,03-16
600593,大连圣亚,0.6,65.29,,13.3,,5545.98,65.31,10转4,03-29
600531,豫光金铅,0.27,35.0,,9.28,,29118.54,65.05,10派0.81,03-24
002148,北纬科技,0.24,-22.58,,9.37,,12966.22,64.48,,03-31
603030,全筑股份,0.31,-49.35,,10.9,,16475.56,64.11,10派0.35,03-30
000416,民生控股,0.05,63.58,,3.12,,2721.38,63.52,10派0.5,03-21
002916,深南电路,2.13,62.6,,25.61,,44808.23,63.44,10派5.1,03-13
300127,银河磁体,0.6,62.16,,16.87,,19296.54,63.13,10派4.5,03-28
601231,环旭电子,0.6,62.16,,16.34,,131389.04,63.1,,03-24
603167,渤海轮渡,0.75,63.04,,11.67,,36267.19,63.04,10派4,03-21
603077,和邦生物,0.06,-33.33,,4.83,,51753.99,62.85,,02-13
002461,珠江啤酒,0.18,5.88,,2.59,,18536.39,62.75,10派1转10,03-27
601882,海天精工,0.2,51.29,,9.2,,10292.44,62.66,,03-22
000799,酒鬼酒,0.54,62.18,,9.02,,17609.87,62.18,10派1.5,03-09
600519,贵州茅台,21.56,61.98,,32.95,,2707936.03,61.97,10派109.99,03-28
002882,金龙羽,0.49,44.47,,17.76,,19022.36,61.22,,03-24
002429,兆驰股份,0.13,-43.48,,7.56,,60292.75,61.04,,03-30
002507,涪陵榨菜,0.52,6.12,,23.76,,41414.22,61.0,10派1.5,03-17
002243,通产丽星,0.12,60.83,,2.85,,4224.33,60.75,10派0.5,03-23
002482,广田集团,0.42,61.54,,10.1,,64670.77,60.58,10派0.5,03-30
300014,亿纬锂能,0.47,-20.34,,18.83,,40336.48,60.18,10派1,03-20
300427,红相股份,0.38,46.15,,11.19,,11795.0,59.79,10派0.73,03-30
002695,煌上煌,0.28,56.67,,8.52,,14090.41,59.76,10派0.7,03-28
603721,中广天择,0.76,43.4,,15.45,,6374.88,59.16,,03-30
300178,腾邦国际,0.5,50.92,,13.77,,28373.13,59.14,10派0.47,03-20
002233,塔牌集团,0.76,50.38,,13.36,,72097.7,58.73,10派3,03-13
600298,安琪酵母,1.03,58.32,,24.02,,84718.77,58.33,10派3.5,03-16
600859,王府井,1.17,31.54,,9.33,,90981.83,58.27,10派3.6,03-24
600577,精达股份,0.18,63.64,,12.05,,35387.12,58.04,10派0.8,03-20
300110,华仁药业,0.04,9.09,,2.54,,3753.5,56.75,,03-31
300393,中来股份,1.44,56.52,,23.74,,25857.27,56.55,10派5,03-15
600611,大众交通,0.37,53.79,,9.55,,87260.23,56.14,10派1.2,03-30
002463,沪电股份,0.12,55.9,,5.97,,20351.77,55.95,10派0.5,03-22
002303,美盈森,0.23,46.43,,8.45,,34818.63,55.86,10派1.3,03-30
601233,桐昆股份,1.42,37.86,,14.97,,176073.96,55.52,10派1.4转4,03-13
002768,国恩股份,0.85,54.55,,22.23,,20306.43,55.11,10派1.3,03-26
000301,东方市场,0.19,57.02,,6.48,,22846.74,55.02,10派1,03-13
601518,吉林高速,0.24,50.0,,10.71,,29668.67,54.57,10派0.74,03-22
300138,晨光生物,0.39,10.06,,9.13,,14282.98,54.45,10派0.8转4,03-27
300036,超图软件,0.44,-24.14,,11.49,,19626.6,53.99,10派0.88,03-29
600958,东方证券,0.57,39.02,,8.62,,355362.64,53.57,10派2,03-30
300365,恒华科技,1.07,50.7,,22.06,,19223.7,53.26,10派2转10,03-16
600235,民丰特纸,0.05,25.0,,1.51,,1920.77,53.04,10派0.1,03-30
603096,新经典,1.9,25.0,,19.33,,23232.29,52.94,,03-30
002742,三圣股份,0.42,-23.64,,13.33,,18033.07,52.93,10派0.7,03-31
002845,同兴达,0.77,-43.38,,17.52,,14921.54,52.81,,03-01
600466,蓝光发展,0.57,39.84,,12.81,,136595.04,52.49,,03-31
000798,中水渔业,0.17,52.15,,6.58,,5425.06,52.15,,03-30
002389,南洋科技,0.43,152.94,,12.56,,18670.4,52.07,10派0.2,03-15
300575,中旗股份,1.6,14.29,,12.28,,11732.53,52.06,,03-30
300376,易事特,0.31,-65.43,,17.86,,71406.88,51.4,10派0.31,03-15
603933,睿能科技,1.57,29.65,,20.91,,14131.99,51.27,,03-29
600604,市北高新,0.12,-36.84,,4.0,,23147.51,50.83,10派0.12,03-29
000429,粤高速A,0.72,38.46,,17.69,,150992.24,50.81,10派5.06,03-28
002677,浙江美大,0.48,50.0,,25.73,,30519.21,50.6,,03-01
300428,四通新材,0.43,48.28,,15.77,,10477.93,49.86,10派3.3转2,03-16
002228,合兴包装,0.15,50.0,,8.93,,15390.37,49.51,10派0.5,03-27
002116,中国海诚,0.48,45.45,,16.2,,20069.38,49.47,,03-31
000977,浪潮信息,0.39,35.36,,8.35,,42753.08,48.95,10派0.4,03-28
300188,美亚柏科,0.56,47.37,,13.56,,27171.63,48.78,10派2转6,03-23
603367,辰欣药业,0.97,38.57,,13.32,,36722.19,48.74,10派1.6,03-28
300378,鼎捷软件,0.23,43.75,,5.13,,6110.01,48.73,10派1,03-29
600116,三峡水利,0.35,52.17,,13.25,,34338.69,48.45,10派1.1,03-29
600623,华谊集团,0.29,45.0,,3.76,,61912.84,48.01,10派1,03-27
601688,华泰证券,1.3,47.94,,10.56,,927652.04,47.94,,03-29
603127,昭衍新药,1.12,33.33,,20.57,,7644.64,47.89,,02-28
002396,星网锐捷,0.85,43.91,,15.44,,47230.28,47.85,10派1.5,03-30
600748,上实发展,0.47,46.88,,9.17,,87233.71,47.39,10派0.48,03-27
300633,开立医疗,0.49,36.11,,20.26,,19002.31,47.39,,03-31
300545,联得装备,0.79,19.7,,11.63,,5652.25,47.07,10派2转10,03-09
603881,数据港,0.56,12.0,,14.18,,11489.53,46.87,,03-22
002119,康强电子,0.31,47.62,,8.96,,6400.27,46.74,10派1转4,03-27
002741,光华科技,0.25,37.5,,9.97,,9261.95,46.59,,02-06
601933,永辉超市,0.19,35.71,,9.32,,181679.41,46.28,,03-31
600655,豫园股份,0.49,46.25,,6.48,,70024.18,46.24,10派1.5,03-19
603757,大元泵业,2.51,28.06,,31.65,,17943.08,46.02,,03-30
600346,恒力股份,0.61,35.56,,26.71,,171933.05,45.73,,03-10
002139,拓邦股份,0.32,-8.57,,11.5,,21001.93,45.55,10派1转5,03-27
600163,中闽能源,0.15,45.28,,9.26,,15347.63,45.5,,03-30
600217,中再资环,0.16,42.96,,15.06,,21758.61,45.49,,03-20
300584,海辰药业,0.84,11.67,,13.72,,6560.05,45.02,10派2.5,03-12
600676,交运股份,0.43,22.86,,8.13,,44599.24,44.96,10派1.4,03-28
600729,重庆百货,1.49,44.66,,12.56,,60543.08,44.59,10派6,03-16
300634,彩讯股份,0.37,23.33,2.35,16.91,0.28,13166.83,44.54,,03-06
300596,利安隆,0.74,-26.47,,16.01,,13050.03,44.08,,03-28
300357,我武生物,1.15,43.75,,25.55,,18610.39,44.04,10派4转8,03-15
600135,乐凯胶片,0.16,43.97,,3.53,,5923.8,43.98,,03-31
603027,千禾味业,0.45,-32.64,,15.21,,14405.94,43.93,,03-20
002541,鸿路钢构,0.6,22.45,,5.33,,20951.33,43.74,,03-31
600459,贵研铂业,0.46,43.75,,6.3,,11932.8,43.73,10派1.4转3,03-22
600183,生益科技,0.74,42.31,,20.12,,107466.33,43.63,10派4.5转4.5,03-28
603536,惠发股份,0.58,23.4,,11.52,,6038.11,43.36,,03-13
002385,大北农,0.31,40.91,,13.16,,126521.19,43.34,,03-31
300146,汤臣倍健,0.52,40.54,,15.8,,76625.56,43.17,10派3.3,02-28
601318,中国平安,4.99,42.57,25.89,20.72,6.8,8908800.0,42.78,10派10,03-21
601811,新华文轩,0.75,36.36,,11.29,,92384.45,42.69,10派3,03-29
300193,佳士科技,0.29,41.19,,6.54,,14377.09,42.34,,02-10
002859,洁美科技,0.79,-54.86,,17.38,,19622.03,42.07,,02-27
002466,天齐锂业,1.94,25.97,,35.71,,214503.88,41.86,10派2,03-24
000050,深天马A,0.58,41.83,,5.73,,80720.43,41.82,10派0.7,03-01
002770,科迪乳业,0.12,-25.0,,7.85,,12668.93,41.56,,03-30
000965,天保基建,0.41,41.38,,8.36,,41085.96,41.37,10派0.1转1,03-22
603018,中设集团,1.42,40.59,,15.99,,29665.67,41.35,10派4.2转4.8,03-05
600176,中国巨石,0.74,17.78,,18.38,,214984.94,41.34,10派2.5转2,03-20
600320,振华重工,0.07,36.0,,1.99,,30019.54,41.32,10派0.5转2,03-30
002745,木林森,1.27,32.29,,12.06,,66854.82,41.2,10派2.47转10,03-05
300248,新开普,0.37,32.14,,9.57,,11967.12,41.04,10派0.6转5,03-17
600115,东方航空,0.44,34.45,,12.64,,635200.0,40.91,10派0.51,03-30
000971,高升控股,0.31,24.0,,4.35,,15636.04,40.81,10转10,03-24
300009,安科生物,0.39,5.95,,19.02,,27774.26,40.77,10派1.5转4,03-28
002090,金智科技,0.65,37.99,,12.62,,15348.34,40.57,10派1.5,03-28
300579,数字认证,1.05,5.0,,16.29,,8424.55,40.5,10派3转5,03-29
600846,同济科技,0.41,40.45,,12.72,,25505.95,40.44,,03-31
600976,健民集团,0.59,40.48,,8.62,,9077.76,40.4,10派2,03-28
002391,长青股份,0.63,40.89,,7.63,,22789.82,40.12,10派3,03-08
603939,益丰药房,0.86,30.32,,10.23,,31350.36,40.03,10派3,03-26
002737,葵花药业,1.45,39.42,,15.03,,42399.66,39.93,10派10转10,03-16
603900,莱绅通灵,0.92,-22.42,,14.35,,30920.71,39.67,,03-16
600426,华鲁恒升,0.75,7.41,,14.02,,122205.18,39.58,10派1.5,03-30
002520,日发精机,0.1,42.86,,3.33,,5716.94,39.01,10派1,03-17
300046,台基股份,0.38,38.52,,6.55,,5338.78,38.51,10派2转5,03-20
603898,好莱客,1.15,33.72,,22.45,,34799.84,37.95,10派3.26,03-27
600068,葛洲坝,0.89,30.03,,17.28,,468360.21,37.94,10派2.68,03-30
002076,雪莱特,0.08,-27.47,,5.39,,5587.02,37.94,,03-30
603019,中科曙光,0.48,33.33,,10.24,,30882.27,37.71,,03-24
600179,安通控股,0.52,4.0,,20.29,,55236.61,37.65,10派1转4,03-13
603663,三祥新材,0.4,17.65,,12.17,,5400.79,37.31,,03-29
002419,天虹股份,0.9,38.08,,12.47,,71819.26,37.03,10派4.5转5,03-15
600056,中国医药,1.22,31.57,,17.7,,129852.44,36.96,,03-31
600125,铁龙物流,0.25,36.76,,6.44,,33080.08,36.94,10派0.8,03-30
601636,旗滨集团,0.45,33.58,,17.49,,114264.83,36.83,,03-29
600332,白云山,1.27,17.95,11.61,11.34,,206165.19,36.71,10派3.81,03-16
002572,索菲亚,0.98,-33.78,,21.98,,90677.09,36.56,10派4.5,03-27
000661,长春高新,3.89,26.3,,15.99,,66194.88,36.53,10派8,02-09
300237,美晨生态,0.76,38.18,,20.85,,60948.47,36.46,10派0.8转8,03-26
600095,哈高科,0.06,36.15,,2.86,,2094.13,36.18,10派0.18,03-23
603716,塞力斯,1.32,-22.81,,10.57,,9384.74,36.17,,03-24
300495,美尚生态,0.48,-53.43,,10.38,,28411.7,35.95,,02-12
600270,外运发展,1.49,35.95,,17.16,,135296.88,35.94,10派6,03-27
300047,天源迪科,0.42,23.53,,7.01,,15593.29,35.71,10派0.4,03-28
300653,正海生物,0.86,13.16,,16.63,,6166.96,35.63,10派5,03-30
600692,亚通股份,0.18,35.52,,9.59,,6389.09,35.59,,03-30
601996,丰林集团,0.13,-31.58,,6.56,,12021.93,35.53,10派0.6,03-17
600340,华夏幸福,2.83,27.48,,31.4,,878080.6,35.26,10派9,03-30
002821,凯莱英,1.51,-45.09,,17.93,,34128.77,35.04,,03-30
000708,大冶特钢,0.88,35.02,,10.23,,39490.07,34.93,10派3,03-08
000507,珠海港,0.18,34.92,,5.25,,14060.8,34.92,10派0.36,03-20
000705,浙江震元,0.18,28.57,,4.59,,6108.25,34.91,,03-30
600452,涪陵电力,1.42,35.24,,22.32,,22642.38,34.82,10派2送4,03-30
603166,福达股份,0.23,35.29,,6.48,,13609.46,34.57,,03-29
600059,古越龙山,0.2,33.33,,4.19,,16434.44,34.57,10派1,03-30
002929,润建通信,1.45,31.82,,22.46,-1.14,23940.0,33.88,,02-05
600643,爱建集团,0.58,33.56,,12.27,,82977.22,33.73,10派1.2,03-30
002301,齐心集团,0.33,17.86,,6.4,,14007.18,33.54,10派0.5转5,03-20
000551,创元科技,0.17,41.67,,4.06,,6643.16,33.47,10派1,03-30
000002,万科A,2.54,33.68,12.02,22.8,,2805181.49,33.44,10派9,03-27
603039,泛微网络,1.33,2.31,,16.44,,8697.06,33.35,,03-26
002226,江南化工,0.09,20.08,,2.26,,8174.56,33.33,10派0.65,03-22
002680,长生生物,0.58,32.99,,15.43,,56627.71,33.28,10派4,03-09
603688,石英股份,0.32,-11.11,,8.67,,10780.09,33.19,,03-22
002749,国光股份,2.47,33.07,,22.1,,18529.74,33.07,10派20,03-28
300244,迪安诊断,0.64,33.33,,15.97,,34959.3,33.05,,03-31
603903,中持股份,0.65,6.56,,9.88,,6219.19,33.03,,03-08
600722,金牛化工,0.05,32.81,,3.83,,3443.55,32.87,,02-10
603818,曲美家居,0.51,34.21,,16.59,,24565.06,32.78,10派1.02,03-28
600713,南京医药,0.27,32.84,,8.83,,23927.15,32.73,,03-31
601886,江河集团,0.4,33.33,,6.9,,46646.0,32.68,10派3,03-28
600735,新华锦,0.2,32.64,,9.3,,7382.24,32.65,10派0.6,03-30
002256,兆新股份,0.08,33.33,,6.86,,15358.45,32.47,10派0.75,03-28
603456,九洲药业,0.33,32.0,,5.65,,14760.53,32.4,,02-14
300003,乐普医疗,0.51,29.13,,15.17,,89908.53,32.36,10派1.27,03-13
300373,扬杰科技,0.57,21.28,,12.5,,26655.69,32.08,10派1.24,03-28
600985,雷鸣科化,0.41,20.59,,7.93,,11889.24,32.01,10派1.2,03-09
603801,志邦股份,1.67,12.92,,20.01,,23422.28,31.74,,03-16
002912,中新赛克,2.57,27.86,,20.09,,13233.12,31.59,,03-17
603928,兴业股份,0.67,-1.47,,12.48,,13549.31,31.3,,03-31
600009,上海机场,1.91,30.82,,15.53,,368340.85,31.29,10派5.8,03-24
000031,中粮地产,0.52,30.0,,15.44,,94533.11,31.27,10派0.55,03-17
002056,横店东磁,0.35,-35.19,,13.59,,57804.29,31.02,10派1,03-10
603730,岱美股份,1.53,24.39,,26.81,,58177.54,30.88,,02-28
600273,嘉化能源,0.7,22.81,,19.28,,96852.91,30.8,10派2,03-29
601677,明泰铝业,0.73,23.73,,8.65,,35196.61,30.76,10派1,03-06
300722,新余国科,0.73,28.07,,19.46,,4474.17,30.69,,03-30
600326,西藏天路,0.43,13.16,,13.07,,33037.71,30.54,10派0.8,03-27
600300,维维股份,0.05,36.75,,3.4,,9151.17,30.5,,03-31
603138,海量数据,0.55,-22.28,,17.23,,5688.99,30.47,,03-09
002236,大华股份,0.82,30.16,,25.47,,237872.68,30.33,10派2,03-09
002092,中泰化学,1.12,17.97,,14.54,,240231.6,30.31,10派1.5,03-06
300383,光环新网,0.3,-40.0,,7.0,,43586.21,30.05,10派0.2,03-17
002706,良信电器,0.41,-36.92,,13.16,,21020.01,29.6,10派2.5转5,03-22
002241,歌尔股份,0.68,-37.04,,16.58,,213922.62,29.53,10派1,03-30
601727,上海电气,0.19,21.79,,5.32,,265957.6,29.09,10派0.9195,03-30
002624,完美世界,1.14,18.75,,19.57,,150470.87,29.01,10派1.7,03-30
300681,英搏尔,1.31,13.91,,27.17,,8429.54,28.94,,03-13
603899,晨光文具,0.69,28.63,,24.45,,63404.1,28.63,10派2.5,03-27
601579,会稽山,0.37,12.12,,6.14,,18194.85,28.62,10派1.1,03-27
300185,通裕重工,0.07,40.0,,4.25,,21351.8,28.46,10派0.4,03-27
601390,中国中铁,0.67,29.4,,11.25,,1606683.3,28.44,10派1.13,03-30
300304,云意电气,0.16,-68.63,,8.63,,14125.72,28.35,10派0.3,03-23
002401,中远海科,0.25,28.33,,7.95,,7595.1,28.32,10派0.5,03-29
300194,福安药业,0.24,-64.71,,7.02,,28481.47,28.32,,03-31
600323,瀚蓝环境,0.85,28.79,,12.85,,65223.63,28.25,10派2,03-21
300701,森霸股份,0.92,17.95,,25.3,,6005.22,28.2,10派3.75,03-26
000418,小天鹅A,2.38,27.96,,23.12,,150641.25,28.2,10派10,03-13
002896,中大力德,0.9,15.38,,16.21,,5984.24,27.99,,03-30
603658,安图生物,1.06,19.1,,27.68,,44656.42,27.68,,03-28
600222,太龙药业,0.01,27.14,,0.34,,512.72,27.68,,03-31
600197,伊力特,0.8,27.64,,17.44,,35334.2,27.65,10派2.5,03-10
600521,华海药业,0.62,26.53,,13.81,,63924.67,27.64,10派2转2,03-29
603059,倍加洁,1.44,27.43,5.68,28.84,1.71,8656.42,27.64,,02-07
001979,招商蛇口,1.55,27.87,,20.32,,1222030.82,27.54,10派6.2,03-27
002262,恩华药业,0.39,-20.36,,17.38,,39463.43,27.41,10派0.5,02-28
300421,力星股份,0.57,27.24,,6.37,,7397.34,27.24,,03-28
600462,九有股份,0.02,26.98,,2.9,,855.44,26.96,,03-24
600754,锦江股份,0.92,15.09,,6.88,,88175.85,26.95,10派5.6,03-30
000026,飞亚达A,0.32,26.72,,5.79,,14021.63,26.71,10派2,03-10
600845,宝信软件,0.54,26.57,,9.86,,42527.61,26.7,10派1.7,03-20
002185,华天科技,0.23,-36.66,,9.67,,49517.0,26.67,10派0.2,03-27
600419,天润乳业,0.96,26.32,,12.59,,9912.65,26.64,10派2.9转10,03-27
603214,爱婴室,1.25,26.26,4.99,27.29,1.44,9357.79,26.47,,03-13
603208,江山欧派,1.78,-1.11,,15.89,,13752.98,25.76,,03-20
300705,九典制药,0.72,14.29,,16.14,,6857.34,25.76,,03-29
603067,振华股份,0.46,2.22,,9.26,,10012.84,25.69,,03-28
300114,中航电测,0.22,-15.38,,9.3,,12944.55,25.63,10派0.5,03-15
002189,利达光电,0.11,22.22,,3.99,,2175.51,25.59,10派0.25,01-31
000555,神州信息,0.31,19.11,,6.38,,30264.23,25.06,10派0.32,03-29
603368,柳州医药,2.17,-7.26,,12.04,,40138.0,25.04,10派6.6转4,03-20
600841,上柴股份,0.14,27.27,,3.42,,12229.05,24.97,10派0.43,03-24
603883,老百姓,1.38,24.32,,18.1,,37080.02,24.89,10派10,03-30
002598,山东章鼓,0.22,24.47,,9.17,,6951.04,24.43,,03-31
300480,光力科技,0.21,23.53,,6.94,,3842.98,24.33,,03-30
603288,海天味业,1.31,24.76,,31.12,,353143.69,24.21,10派8.5,03-23
300327,中颖电子,0.64,12.59,,18.04,,13363.77,24.16,10派4.5转1,03-30
002037,久联发展,0.23,21.05,,3.75,,7677.4,23.95,10派0.47,03-30
300650,太龙照明,0.89,1.14,,13.57,,5143.93,23.73,,03-06
300398,飞凯材料,0.27,-58.46,,7.74,,8381.24,23.64,10派0.5,03-16
600252,中恒集团,0.17,21.43,,11.08,,60491.5,23.61,10派0.6,03-30
600170,上海建工,0.28,0.0,,10.72,,258446.52,23.33,10派1.35,03-28
600685,中船防务,0.06,23.21,,0.84,,8779.66,23.27,,03-30
000591,太阳能,0.27,-48.95,,6.88,,80466.86,23.18,10派0.73,03-30
603607,京华激光,1.15,16.16,,21.22,,8263.34,23.14,,03-30
600283,钱江水利,0.21,23.53,,4.09,,7259.03,23.14,,03-30
000963,华东医药,1.83,-39.0,,23.02,,177950.61,23.01,10派7.2转5,03-30
002206,海利得,0.26,-51.85,,11.21,,31376.23,22.99,,03-20
601800,中国交建,1.21,24.74,,12.95,,2058077.8,22.92,10派2.419,03-30
600219,南山铝业,0.17,21.43,,5.01,,161135.51,22.75,10派0.6,02-10
000915,山大华特,1.04,-5.45,,17.5,,24320.09,22.59,10派2.5,03-15
300639,凯普生物,1.13,0.0,,11.83,,9321.0,22.49,10派5转10,03-31
002372,伟星新材,0.83,-5.68,,28.19,,82128.57,22.45,10派6转3,03-24
002244,滨江集团,0.55,19.57,,12.64,,171141.46,22.35,10派0.83,03-16
603936,博敏电子,0.39,22.26,,6.78,,6524.07,22.19,,03-28
603707,健友股份,0.81,14.52,,19.07,,31422.24,22.15,10派1.5转3,01-27
002208,合肥城建,0.41,20.59,,7.87,,13276.56,22.07,10派1,03-30
600548,深高速,0.65,22.01,,10.88,,142640.28,21.98,10派3,03-24
300222,科大智能,0.48,9.09,,8.73,,33712.7,21.82,10派0.7,03-30
000910,大亚圣象,1.22,19.61,,20.59,,65918.83,21.82,10派1.2,03-10
002314,南山控股,0.34,21.43,,11.1,,64185.7,21.8,,03-31
300007,汉威科技,0.38,22.58,,8.2,,11032.09,21.73,10派0.45,03-24
600803,新奥股份,0.64,20.75,,12.86,,63104.0,21.66,10派1,03-30
601601,中国太保,1.62,21.8,15.17,10.89,9.5,1466200.0,21.61,10派8,03-30
002644,佛慈制药,0.15,21.63,,5.58,,7409.28,21.61,10派0.13,02-13
601128,常熟银行,0.57,11.76,,12.52,,126429.5,21.51,,03-31
300476,胜宏科技,0.72,16.13,,14.67,,28181.86,21.44,,02-09
002032,苏泊尔,1.6,-6.48,,26.87,,130760.66,21.35,,03-31
002860,星帅尔,1.26,4.13,,17.26,,8940.39,21.25,,03-29
600658,电子城,0.64,0.0,,8.25,,50849.07,21.08,10派1.91送4,03-30
600600,青岛啤酒,0.94,21.11,,7.55,,126301.72,21.04,10派4.2,03-28
002865,钧达股份,0.61,-1.61,,9.09,,6744.26,20.97,,03-24
600816,安信信托,0.8,-53.05,,25.23,,366821.23,20.91,10派5转2,02-08
002643,万润股份,0.42,-54.35,,9.72,,38527.84,20.91,10派1.53,03-29
601619,嘉泽新能,0.09,15.12,,7.33,,16496.28,20.44,,03-23
600723,首商股份,0.54,20.49,,9.87,,35622.44,20.42,10派1.8,03-24
300445,康斯特,0.32,18.51,,12.11,,5301.37,20.27,10派0.8,03-30
601828,美凯龙,1.13,20.21,,10.48,,407789.77,20.04,,03-29
000582,北部湾港,0.44,-7.61,,8.31,,54133.77,19.83,10派1.15,03-13
600705,中航资本,0.31,19.23,,12.33,,278360.62,19.77,10派0.55,03-15
600997,开滦股份,0.33,-5.71,,5.78,,51652.38,19.65,10派1.2,03-17
002142,宁波银行,1.8,-7.69,10.31,19.02,3.55,933357.2,19.5,10派4,03-29
000880,潍柴重机,0.09,28.57,,1.78,,2350.6,19.44,10派0.2,03-29
600081,东风科技,0.44,19.35,,11.6,,13923.92,19.35,,03-31
002837,英维克,0.43,-64.17,,13.5,,8560.67,19.22,,02-06
600058,五矿发展,0.03,19.26,,0.69,,3451.21,19.19,,02-14
601898,中煤能源,0.18,20.0,,2.76,,241442.6,19.14,10派0.55,03-21
600268,国电南自,0.06,20.0,,1.97,,3743.38,18.79,10派0.3,03-24
002162,悦心健康,0.02,18.0,,2.35,,2017.23,18.48,,02-28
300559,佳发安泰,1.02,-6.22,,11.98,,7314.03,18.39,,03-09
600605,汇通能源,0.2,18.45,,5.0,,2937.53,18.34,,03-31
300144,宋城演艺,0.73,17.74,,15.6,,106761.21,18.32,10派1.2,03-28
002838,道恩股份,0.74,-41.27,,11.73,,9379.78,18.25,10派1.6转10,03-27
600663,陆家嘴,0.93,18.16,,22.19,,312991.77,18.17,10派4.66,03-30
002815,崇达技术,1.08,7.34,,20.26,,44390.31,18.14,10派5.4转10,03-30
300286,安科瑞,0.67,17.54,,15.09,,9458.36,18.04,10派1转5,03-06
002038,双鹭药业,0.78,18.03,,13.03,,53357.54,18.02,10派5,03-20
600062,华润双鹤,0.97,-1.68,,11.91,,84261.25,17.98,10派0.97送2,03-15
603866,桃李面包,1.14,17.53,,22.36,,51328.09,17.85,,03-28
600372,中航电子,0.31,17.84,,8.57,,54243.95,17.82,10派0.6,03-17
600885,宏发股份,1.29,18.35,,17.91,,68499.17,17.74,10派4转4,03-30
603626,科森科技,0.78,-35.0,,15.18,,22240.38,17.74,,02-13
000049,德赛电池,1.46,17.72,,23.63,,30053.56,17.72,10派2.5,03-27
000089,深圳机场,0.32,17.57,,,,66136.17,17.59,,03-31
300548,博创科技,0.97,-3.96,,13.64,,7980.03,17.52,10派2,03-29
603698,航天工程,0.47,17.5,,7.96,,19249.41,17.47,10派1.41,03-30
600101,明星电力,0.3,15.38,,4.84,,9810.36,17.43,10派0.5,03-30
002060,粤水电,0.13,-41.29,,5.65,,15810.26,17.42,10派0.3,03-28
600980,北矿科技,0.28,17.22,,8.0,,4331.84,17.19,10派1,03-24
002818,富森美,1.48,7.25,,16.25,,65119.98,17.13,,03-28
600535,天士力,1.27,16.51,,15.24,,137654.22,17.01,10派4转4,03-27
600029,南方航空,0.6,17.65,,12.84,,591400.0,16.99,10派1,03-27
600012,皖通高速,0.66,16.94,,12.12,,109134.31,16.94,10派2.3,03-26
002253,川大智胜,0.2,17.65,,3.52,,4544.48,16.85,10派1.2,03-23
300511,雪榕生物,0.61,-19.74,,9.1,,12240.52,16.79,10派1.2转9,03-15
603178,圣龙股份,0.5,-7.41,,13.52,,9447.65,16.74,,03-28
600602,云赛智联,0.21,15.64,,7.59,,27749.16,16.73,10派0.61,03-24
300239,东宝生物,0.05,16.55,,3.1,,2241.66,16.59,10派0.3,03-09
600278,东方创业,0.33,13.79,,4.77,,17344.24,16.51,,03-31
603396,金辰股份,1.27,10.19,,14.98,,7616.61,16.48,,03-20
601018,宁波港,0.2,17.65,2.76,7.51,0.22,267665.4,16.43,10派0.75,03-30
002232,启明信息,0.13,16.35,,5.03,,5317.93,16.32,10派0.5,03-24
000920,南方汇通,0.27,17.39,,14.03,,11445.36,16.01,10派0.5,03-30
600211,西藏药业,1.37,0.37,,14.62,,22964.57,15.81,10派3.85,03-16
300453,三鑫医疗,0.27,17.39,,7.54,,4238.96,15.77,,03-17
603839,安正时尚,1.0,-9.09,,11.95,,27307.33,15.69,,03-29
300068,南都电源,0.47,-2.08,,6.38,,38088.66,15.65,10派2,03-27
002793,东音股份,0.58,-46.79,,16.17,,11585.17,15.43,10派1,01-30
300229,拓尔思,0.34,14.01,,9.16,,15813.84,15.43,10派0.5,03-30
300586,美联新材,0.57,-13.64,,9.63,,5456.92,15.33,,03-27
600929,湖南盐业,0.21,15.07,2.35,9.21,0.23,15946.55,15.06,,03-05
600508,上海能源,0.72,16.13,,5.95,,51890.11,14.89,10派2.2,03-21
601015,陕西黑猫,0.25,8.7,,6.93,,24762.81,14.84,10派0.2,03-20
600657,信达地产,0.66,13.79,,10.72,,101128.77,14.79,10派1.2,03-28
601186,中国铁建,1.16,12.62,,12.16,,1605723.5,14.7,10派1.8,03-30
300523,辰安科技,0.63,-45.52,,10.95,,9101.31,14.69,,03-30
600874,创业环保,0.36,16.13,,10.33,,50825.1,14.69,,03-28
002612,朗姿股份,0.47,14.37,,7.37,,18757.13,14.36,,03-31
603535,嘉诚国际,0.95,3.26,,12.27,,11881.43,14.32,,03-06
600982,宁波热电,0.13,14.32,,3.9,,9598.99,14.29,10派0.4,03-20
603081,大丰实业,0.6,5.26,,18.09,,22910.85,14.13,,03-30
002352,顺丰控股,1.12,5.66,,18.43,,477068.97,14.12,10派2.2,03-14
603345,安井食品,0.98,-10.09,,13.28,,20243.24,14.11,10派2.82,03-20
000768,中航飞机,0.17,14.14,,3.03,,47140.17,14.1,10派0.85,03-13
600223,鲁商置业,0.11,22.22,,4.62,,10536.12,14.06,,03-29
300682,朗新科技,0.37,8.82,,14.7,,13913.68,13.97,,03-30
300205,天喻信息,0.05,13.64,,1.94,,2259.69,13.84,10派0.3,03-29
300041,回天新材,0.27,10.33,,6.43,,11036.91,13.74,10派5,03-07
603311,金海环境,0.38,11.76,,11.64,,8041.04,13.6,10派1.8,03-08
300416,苏试试验,0.49,13.95,,12.06,,6128.16,13.54,10派1,03-15
603677,奇精机械,0.75,-48.98,,12.02,,10009.37,13.52,,03-13
600829,人民同泰,0.44,13.22,,16.32,,25419.6,13.22,10派5,01-30
002421,达实智能,0.16,12.53,,10.58,,31182.58,13.19,,03-31
002521,齐峰新材,0.32,10.34,,4.74,,16051.14,13.09,10派2,03-15
600036,招商银行,2.78,13.01,17.69,16.54,-0.22,7015000.0,13.0,10派8.4,03-24
300199,翰宇药业,0.36,9.09,,8.77,,32972.14,12.95,10派2,03-16
300474,景嘉微,0.44,-6.38,,12.47,,11882.94,12.86,,02-07
600862,中航高科,0.06,20.0,,2.41,,8279.66,12.77,,03-17
601618,中国中冶,0.26,4.0,,8.44,,606148.8,12.75,10派0.68,03-30
600873,梅花生物,0.38,11.76,,13.14,,117360.68,12.66,10派3.3,03-23
002179,中航光电,1.05,-13.73,,18.41,,82535.08,12.48,10派1.2,03-17
002404,嘉欣丝绸,0.21,10.53,,8.61,,11177.69,12.25,10派1.8,03-21
002240,威华股份,0.05,0.0,,1.84,,2626.16,12.2,,02-23
002728,特一药业,0.53,12.77,,11.4,,10634.28,12.2,,03-21
600523,贵航股份,0.67,11.67,,8.94,,19425.71,12.13,10派2.08转4,03-13
600373,中文传媒,1.05,11.7,,12.49,,145174.15,12.07,10派4,03-28
002108,沧州明珠,0.5,-36.72,,18.58,,54528.0,11.89,10派2转3,03-23
002524,光正集团,0.01,0.0,,0.73,,541.64,11.87,,03-16
000623,吉林敖东,1.6,-15.34,,9.59,,186347.14,11.82,,03-31
601377,兴业证券,0.34,11.49,,7.03,,228489.61,11.66,,03-31
002410,广联达,0.42,11.94,,15.77,,47224.42,11.62,10派2.5,03-29
600908,无锡银行,0.54,3.85,,11.04,3.37,99494.8,11.45,10派1.5,03-30
600196,复星医药,1.27,4.96,,13.02,,312449.95,11.36,10派3.8,03-27
603667,五洲新春,0.49,-10.91,,8.42,,9873.49,11.32,,03-30
600986,科达股份,0.5,4.17,,8.55,,46271.04,11.29,10派0.5转4,03-28
002011,盾安环境,0.1,11.11,,2.09,,9228.73,11.17,,03-23
002382,蓝帆医疗,0.41,10.81,,14.87,,20086.43,10.93,10派2,02-14
600226,瀚叶股份,0.12,-45.45,,7.39,,26122.28,10.87,10转3,02-14
601000,唐山港,0.32,-3.03,,10.33,,146334.0,10.84,,03-31
300715,凯伦股份,0.78,4.27,,22.24,,4457.02,10.77,,03-13
600683,京投发展,0.43,10.26,,14.29,,32174.7,10.77,10派2,03-21
002658,雪迪龙,0.36,12.5,,11.95,,21478.82,10.77,10派0.72,03-28
002839,张家港行,0.43,2.38,,9.43,,76310.23,10.68,10派1,03-24
300001,特锐德,0.28,12.0,,9.8,,27831.76,10.65,10派0.5,03-23
300563,神宇股份,0.5,-13.79,,9.18,,3976.02,10.45,,03-20
603186,华正新材,0.72,-17.24,,16.18,,9359.78,10.38,,03-30
000423,东阿阿胶,3.13,10.36,,22.46,,204435.25,10.36,10派9,03-16
002930,宏川智慧,0.51,10.87,6.54,8.08,1.26,9264.07,10.33,,03-05
603609,禾丰牧业,0.57,11.76,,14.72,,47102.45,10.32,10派1,03-13
600665,天地源,0.29,10.32,,8.6,,25408.11,10.31,10派0.89,03-29
600030,中信证券,0.94,9.3,,7.82,,1143326.45,10.3,10派4,03-23
002187,广百股份,0.51,10.87,,6.7,,17387.25,10.29,,03-31
600435,北方导航,0.03,0.0,,2.27,,4728.26,10.22,10派0.25,03-27
002459,天业通联,0.06,20.0,,1.78,,2216.8,10.22,,02-13
600187,国中水务,0.01,0.0,,0.55,,1783.38,10.16,,03-30
601607,上海医药,1.31,10.15,,10.73,,352064.56,10.14,10派3.8,03-24
600028,中国石化,0.42,10.18,6.01,7.14,1.58,5111900.0,10.13,10派4,03-26
300619,金银河,0.66,-14.29,,12.88,,4746.46,10.08,,03-30
000652,泰达股份,0.2,10.02,,8.14,,29809.93,10.05,10派0.35,03-15
600750,江中药业,1.39,9.45,,15.11,,41779.66,10.01,10派4.5转4,03-30
002392,北京利尔,0.14,10.15,,5.25,,16222.05,9.97,10派0.15,03-29
000837,秦川机床,0.02,9.72,,0.58,,1645.5,9.93,,03-15
300692,中环环保,0.57,-1.72,,9.41,,5068.88,9.74,,03-30
600879,航天电子,0.2,-51.13,,4.88,,52490.91,9.73,,03-16
600597,光明乳业,0.5,8.7,,11.92,,61723.96,9.6,10派1.6,03-27
002891,中宠股份,0.88,-2.22,,16.37,,7367.38,9.51,,03-16
600742,一汽富维,1.11,9.9,,10.57,,46771.11,9.47,10派5送2,03-28
300037,新宙邦,0.75,-46.04,,12.45,,28005.38,9.43,10派2,03-27
002523,天桥起重,0.12,-7.69,,6.18,,11684.61,9.22,10派0.5转4,03-19
600248,延长化建,0.22,9.23,,6.75,,13414.5,9.22,,03-31
600335,国机汽车,0.65,2.92,,9.29,,67046.19,9.22,10派1,03-21
603520,司太立,0.69,1.47,,10.01,,8311.7,9.19,10派5,03-27
300429,强力新材,0.49,6.68,,12.52,,12659.09,9.12,10派1,03-28
603305,旭升股份,0.59,3.51,,28.05,,22211.87,9.09,,03-09
002424,贵州百灵,0.37,8.82,,16.79,,52613.74,9.08,10派0.8,03-28
600168,武汉控股,0.46,9.52,,7.0,,32794.86,9.07,10派1.39,02-14
300413,快乐购,0.18,5.88,,4.41,,7253.74,9.03,,03-01
600085,同仁堂,0.74,9.12,,12.55,,101738.15,9.02,,03-31
300485,赛升药业,1.17,8.33,,12.79,,28160.41,8.98,,03-15
601336,新华保险,1.73,9.49,20.42,8.76,2.52,538300.0,8.92,10派5.2,03-21
002357,富临运业,0.33,8.79,,9.79,,10319.42,8.79,10派1,03-24
601200,上海环境,0.72,9.12,,9.83,,50594.75,8.79,10派0.8,03-20
000999,华润三九,1.33,9.02,,14.06,,130168.72,8.67,10派4.6,03-15
603826,坤彩科技,0.36,-11.22,,12.91,,11801.89,8.52,,02-28
000544,中原环保,0.5,0.0,,6.05,,32235.35,8.35,10派3.5转5,03-31
300240,飞力达,0.2,11.11,,6.89,,7163.48,8.33,,03-27
002862,实丰文化,0.59,-11.94,,9.59,,4339.88,8.29,,03-24
000065,北方国际,0.97,2.11,,14.6,,49925.34,8.29,10派1.2转5,03-28
002928,华夏航空,1.04,8.33,3.19,38.5,1.9,37423.07,8.23,,02-06
002084,海鸥住工,0.18,-2.47,,7.24,,9195.89,8.22,10派1,02-28
002184,海得控制,0.06,2.76,,1.31,,1452.89,8.21,,03-31
600420,现代制药,0.46,-52.61,,8.78,,51580.26,8.15,10派0.5,03-22
600239,云南城投,0.16,-30.43,,5.44,,26401.44,8.14,10派0.5,03-20
603556,海兴电力,1.5,-17.13,,12.64,,56285.2,7.98,,03-30
600741,华域汽车,2.08,7.89,,16.51,,655392.29,7.87,10派10.5,03-29
600893,航发动力,0.47,2.17,,5.24,,95999.43,7.78,10派1.29,03-30
002761,多喜爱,0.19,5.56,,3.51,,2313.74,7.7,10派0.26,03-17
002426,胜利精密,0.14,20.41,,5.39,,46225.78,7.65,10派0.3,03-13
002801,微光股份,0.91,-53.09,,13.61,,10756.71,7.63,,03-16
600104,上汽集团,2.96,1.93,,16.87,,3441033.95,7.5,10派18.3,03-30
600790,轻纺城,0.36,5.88,,7.71,,38059.14,7.29,10派1.1转4,03-29
600377,宁沪高速,0.71,7.23,,16.06,,358786.19,7.23,10派4.4,03-26
000402,金融街,1.01,7.45,,10.56,,300641.23,7.2,10派3,03-27
600837,海通证券,0.75,7.14,,7.56,,861842.33,7.15,10派2.3,03-28
600756,浪潮软件,0.38,5.56,,5.9,,12368.87,7.11,10派1.15,03-28
600999,招商证券,0.78,-14.53,,8.39,,578595.51,7.08,10派3.46,03-28
000776,广发证券,1.13,7.62,,10.55,,859539.91,7.04,10派4,03-24
000828,东莞控股,0.85,6.97,,16.46,,88681.59,6.97,10派2.5,03-23
300328,宜安科技,0.08,5.4,,4.4,,3276.16,6.76,10派0.3,03-30
300655,晶瑞股份,0.46,-10.64,,9.63,,3617.65,6.72,,03-27
600398,海澜之家,0.74,5.71,,32.51,,332887.42,6.6,10派4.8,03-24
002152,广电运通,0.37,-31.48,,10.29,,89948.5,6.58,,03-31
002729,好利来,0.34,6.25,,5.55,,2277.56,6.4,,03-20
300455,康拓红外,0.18,-25.0,,10.64,,7175.65,6.33,10派0.8送3,03-30
000948,南天信息,0.09,6.2,,1.51,,2198.45,6.26,10派0.2,03-21
601111,中国国航,0.54,-1.82,,8.96,,724031.2,6.26,10派1.1497,03-28
000860,顺鑫农业,0.77,6.25,,6.32,,43836.95,6.25,,03-31
002349,精华制药,0.21,-46.88,,7.99,,17532.0,6.24,10派0.5,02-28
603398,邦宝益智,0.29,-23.68,,10.32,,6205.31,5.97,,03-29
300242,明家联合,0.3,3.45,,8.69,,19306.59,5.97,,03-29
002117,东港股份,0.64,6.33,,15.95,,23210.56,5.91,10派4,03-15
600221,海航控股,0.18,-13.33,,5.91,,332294.7,5.89,10派0.18,03-23
000099,中信海直,0.15,7.14,,3.15,,9098.33,5.88,10派0.15,03-27
002783,凯龙股份,0.55,-57.69,,8.44,,11501.32,5.73,10派2转6,03-16
000559,万向钱潮,0.32,-11.85,,18.99,,88151.28,5.72,10派2,03-30
600987,航民股份,0.9,5.88,,17.28,,57355.67,5.66,10派2.8,03-23
601992,金隅集团,0.27,8.0,,6.26,,283666.49,5.58,10派0.48,03-30
000850,华茂股份,0.11,10.0,,2.19,,10403.35,5.54,10派0.5,03-20
300024,机器人,0.28,5.24,,7.48,,43237.79,5.26,10派0.5,03-23
002007,华兰生物,0.88,5.18,,18.48,,82082.35,5.19,10派3,03-27
600233,圆通速递,0.51,-10.35,,16.56,,144269.33,5.16,10派1.1,03-24
600823,世茂股份,0.59,-25.32,,10.64,,222527.13,5.02,10派0.6,03-23
300507,苏奥传感,0.84,-46.84,,12.25,,10113.26,4.99,10派1.7,03-28
002879,长缆科技,1.03,-8.04,,11.92,,12095.45,4.98,,03-15
601288,农业银行,0.58,5.45,4.15,14.57,1.95,19296200.0,4.9,10派1.783,03-27
600136,当代明诚,0.26,4.0,,5.21,,12813.13,4.87,10派0.7,03-20
601988,中国银行,0.56,3.7,4.74,12.24,,17240700.0,4.76,10派1.76,03-30
601939,建设银行,0.96,4.35,6.86,14.8,0.32,24226400.0,4.67,10派2.91,03-28
603579,荣泰健康,1.58,-59.9,,18.85,,21617.54,4.61,,03-16
603669,灵康药业,0.62,5.08,,13.07,,16100.54,4.6,,03-24
300270,中威电子,0.17,6.25,,6.97,,4554.2,4.56,,03-24
603656,泰禾光电,0.88,-40.14,,12.53,,8745.92,4.54,,03-30
601328,交通银行,0.91,2.25,8.23,11.4,,7022300.0,4.48,10派2.856,03-30
603336,宏辉果蔬,0.47,-20.34,,8.36,,6332.61,4.47,10派2转3,03-30
600650,锦江投资,0.45,4.42,,7.48,,24746.24,4.41,10派2.5,03-29
002740,爱迪尔,0.18,-5.26,,4.23,,6034.07,4.4,,02-28
300505,川金诺,0.65,-2.23,,9.43,,6057.96,4.29,,03-07
000738,航发控制,0.19,4.22,,4.33,,21764.0,4.21,10派0.35,03-27
002493,荣盛石化,0.52,-31.58,,14.09,,200123.85,4.19,10派1.2转5,03-28
002877,智能自控,0.44,-12.0,,10.14,,4764.66,4.16,,03-08
601818,光大银行,0.64,1.59,5.24,12.75,-2.72,3154500.0,4.01,10派1.81,03-29
002294,信立泰,1.39,4.51,,25.94,,145188.73,3.97,10派8,03-27
600620,天宸股份,0.09,0.0,,2.29,,6254.96,3.93,10派0.3,03-28
002807,江阴银行,0.46,-4.29,,9.1,,80845.0,3.92,10派1,03-28
300273,和佳股份,0.12,9.09,,3.92,,9271.05,3.9,,03-31
600038,中直股份,0.77,3.69,,6.49,,45537.64,3.69,10派2.33,03-17
600757,长江传媒,0.51,4.08,,10.5,,61336.58,3.58,,03-31
000006,深振业A,0.6,3.49,,15.24,,80563.64,3.47,10派1.81,03-30
600284,浦东建设,0.54,3.4,,6.9,,37135.67,3.41,10派1.8转4,03-08
600688,上海石化,0.57,3.09,2.61,20.84,0.66,614155.8,3.12,10派3,03-21
600761,安徽合力,0.55,-14.06,,9.26,,40791.15,3.09,10派5,03-20
002911,佛燃股份,0.69,2.99,,21.01,,34740.59,3.04,10派3,03-15
603817,海峡环保,0.23,-20.52,,8.49,,9939.99,3.01,,03-31
600118,中国卫星,0.35,2.94,,8.16,,40960.05,3.0,10派1.1,03-15
000719,中原传媒,0.68,3.03,,9.97,,69322.21,2.99,10派1.8,03-29
000888,峨眉山A,0.37,2.81,,9.27,,19660.58,2.83,10派1,02-10
601398,工商银行,0.79,2.6,5.73,14.35,,28604900.0,2.8,10派2.408,03-28
300690,双一科技,1.91,-7.73,,19.45,,11054.75,2.64,,03-20
000001,平安银行,1.3,-1.52,11.77,11.62,-6.92,2318900.0,2.61,10派1.36,03-15
300027,华谊兄弟,0.3,3.45,,8.79,,82828.39,2.49,10派0.3,03-27
603615,茶花股份,0.41,-19.61,,7.58,,9362.24,2.39,,03-02
601998,中信银行,0.84,-1.18,8.17,11.67,1.11,4256600.0,2.25,10派2.61,03-27
300204,舒泰神,0.55,1.85,,12.87,,26302.68,2.24,,02-13
300717,华信新材,0.87,-1.14,,14.33,,4308.88,2.13,,03-28
600064,南京高科,1.23,2.17,,9.53,,94602.47,2.1,10派1送2转4,03-28
000987,越秀金控,0.29,-17.15,,5.0,,63331.88,2.07,10派0.9,03-15
300536,农尚环境,0.31,-53.73,,10.21,,5189.04,1.9,10派0.7,01-19
002714,牧原股份,2.12,-5.78,,28.12,,236552.94,1.88,,02-10
600560,金自天正,0.09,1.8,,2.75,,2020.67,1.78,10派0.28,03-24
300590,移为通信,0.62,-61.03,,13.79,,9693.85,1.75,,02-28
002202,金风科技,0.84,-22.61,,15.04,,305465.69,1.72,10派2,03-24
002014,永新股份,0.61,1.67,,12.16,,20548.32,1.37,10派4.5转5,03-08
600271,航天信息,0.84,1.29,,16.16,,155657.25,1.34,10派4.2,03-22
000890,法尔胜,0.38,2.7,,17.92,,14313.67,1.27,,03-31
002917,金奥博,0.74,-25.25,,22.19,,6251.66,1.2,10派2,03-30
600582,天地科技,0.23,1.33,,6.5,,94200.64,1.09,10派0.5,03-30
600061,国投资本,0.68,-1.45,,9.13,,258969.17,1.09,,03-31
002393,力生制药,0.64,1.59,,3.83,,11681.72,1.05,10派3,03-22
002880,卫光生物,1.64,-13.23,,18.54,,15474.92,0.99,10派5,03-30
002820,桂发祥,0.72,-22.58,,9.21,,9260.48,0.91,,03-20
600266,北京城建,0.93,1.09,,7.48,,145610.78,0.87,10派2.8,03-24
300658,延江股份,1.01,-15.13,,17.08,,9013.0,0.79,,03-30
603916,苏博特,0.57,-1.72,,10.87,,13378.89,0.64,,03-27
002286,保龄宝,0.13,0.0,,3.27,,4962.19,0.57,10派0.9,03-10
300659,中孚信息,0.67,-15.19,,16.56,,4861.76,0.55,,03-22
300406,九强生物,0.55,0.0,,19.06,,27315.14,0.55,10派1.5,03-30
601211,国泰君安,1.11,-8.26,14.13,9.05,,988154.47,0.41,10派4,03-30
002771,真视通,0.43,-50.0,,11.23,,6928.15,0.36,10派1.5,03-29
600008,首创股份,0.13,0.24,,5.8,,61200.88,0.18,10派0.8,03-30
600660,福耀玻璃,1.26,0.8,,17.16,,314874.8,0.14,10派7.5,03-17
601788,光大证券,0.65,-11.49,,6.26,,301647.02,0.11,10派2,03-27
300528,幸福蓝海,0.3,-30.23,,5.96,,11246.33,-0.03,10派1,03-30
600099,林海股份,0.01,0.0,,0.41,,192.7,-0.36,,03-17
300509,新美星,0.74,-8.64,,10.04,,5929.36,-0.5,,03-21
600319,亚星化学,0.08,0.0,,128.84,,2661.46,-0.62,,03-24
002013,中航机电,0.24,-35.14,,7.37,,57900.84,-0.71,10派0.25转5,03-06
300570,太辰光,0.44,-57.73,,9.19,,10010.86,-1.27,,03-28
600995,文山电力,0.33,0.0,,9.51,,15669.63,-1.68,10派1,03-23
002561,徐家汇,0.57,-1.72,,11.34,,23719.4,-1.77,,03-31
000895,双汇发展,1.31,-1.91,,31.4,,431929.99,-1.95,10派11,03-27
600078,澄星股份,0.09,-1.1,,3.17,,5883.02,-2.06,,03-31
600917,重庆燃气,0.23,-4.17,,9.9,,36342.92,-2.1,,03-31
000739,普洛药业,0.22,-4.35,,9.38,,25659.21,-2.4,10派0.65,03-10
603926,铁流股份,1.02,-17.74,,12.41,,10917.73,-2.43,,03-08
002782,可立克,0.13,-2.53,,6.99,,5742.14,-2.5,10派2,03-16
002186,全聚德,0.44,-2.56,,9.27,,13599.6,-2.57,10派2.6,03-27
603098,森特股份,0.5,-18.03,,12.36,,20040.68,-3.13,,03-30
000062,深圳华强,0.57,-3.18,,10.17,,41226.95,-3.19,10派3.5,03-23
300446,乐凯新材,0.85,-3.33,,19.77,,10437.88,-3.33,10派4,03-20
600113,浙江东日,0.3,-3.23,,15.51,,9556.1,-3.88,10派0.91,03-09
600835,上海机电,1.36,-4.23,,14.56,,139033.05,-4.05,10派4.8,03-29
601766,中国中车,0.38,-7.32,4.24,9.14,,1079855.6,-4.4,10派1.5,03-29
300305,裕兴股份,0.24,-4.24,,4.84,,6895.82,-4.55,,03-31
000715,中兴商业,0.3,-6.25,,6.78,,8457.69,-4.62,10派0.8,03-23
600158,中体产业,0.07,-4.7,,3.62,,5811.48,-4.75,10派0.22,03-27
600207,安彩高科,0.01,-16.0,,0.48,,907.66,-4.87,,03-10
002138,顺络电子,0.44,-8.33,,10.64,,34127.4,-4.97,10派2,02-28
000022,深赤湾A,0.78,-5.33,,10.45,,50449.51,-5.24,10派13.19,03-07
600269,赣粤高速,0.42,-4.55,,6.86,,98222.58,-5.33,10派1.7,03-27
002700,新疆浩源,0.18,-5.26,,8.15,,7577.38,-5.35,10派0.3,03-30
600833,第一医药,0.19,-9.52,,6.06,,4347.68,-5.56,,03-31
601880,大连港,0.04,-7.14,,2.79,,50077.99,-5.69,10派0.23,03-27
002812,创新股份,1.15,-24.34,,9.74,,15592.35,-5.72,10派11转10,03-07
002595,豪迈科技,0.84,-6.13,,18.44,,67582.79,-5.83,10派3.75,03-27
300635,达安股份,0.41,-52.87,,9.91,,5167.84,-6.07,,03-23
300018,中元股份,0.21,-4.55,,6.87,,10009.81,-6.26,10派1,03-30
603157,拉夏贝尔,0.98,-9.26,,13.59,,49852.7,-6.29,,03-23
001696,宗申动力,0.24,-6.41,,7.47,,27240.81,-6.43,10派0.3,03-15
000043,中航地产,0.23,-6.69,,3.64,,15058.78,-6.69,10派1,03-15
603103,横店影视,0.8,-10.11,,26.18,,33054.01,-7.16,,03-09
002584,西陇科学,0.15,-11.76,,5.24,,8984.57,-7.17,,03-23
603879,永悦科技,0.36,-18.18,,11.26,,4391.73,-7.18,,03-30
600109,国金证券,0.4,-7.46,,6.62,,120143.25,-7.49,10派0.5,03-29
600007,中国国贸,0.63,-7.35,,10.16,,63480.67,-7.51,10派3.2,03-24
002079,苏州固锝,0.14,-7.82,,7.02,,10469.7,-7.68,10派0.3,03-30
603580,艾艾精工,0.48,-22.77,,9.36,,2865.71,-7.75,,03-30
002615,哈尔斯,0.27,-38.64,,14.05,,10980.11,-7.84,10派2,03-28
600814,杭州解百,0.25,-7.41,,7.96,,18026.3,-7.9,10派0.8,03-20
300629,新劲刚,0.39,-27.78,,7.98,,2464.38,-8.1,,03-31
603278,大业股份,0.82,-10.87,,19.02,,13140.41,-8.11,,03-29
600026,中远海能,0.44,-8.12,,6.38,,176633.92,-8.12,10派0.5,03-29
000848,承德露露,0.42,-8.7,,21.52,,41359.79,-8.16,10派5,03-17
603038,华立股份,1.39,-29.8,,10.32,,9090.08,-8.17,,03-27
600006,东风汽车,0.1,-8.23,,3.05,,20070.49,-8.29,,03-31
300394,天孚通信,0.6,-8.51,,14.39,,11123.47,-8.51,,03-20
002182,云海金属,0.24,-55.52,,10.43,,15482.19,-8.55,10派0.8,03-29
600206,有研新材,0.05,-16.67,,1.54,,4356.15,-9.05,,03-26
300741,华宝股份,2.07,-15.85,10.11,22.29,2.6,114805.11,-9.13,,02-05
002457,青龙管业,0.06,0.0,,1.07,,1926.76,-9.15,10派1,03-30
002888,惠威科技,0.47,-20.34,,10.28,,3361.17,-9.27,,03-30
002339,积成电子,0.19,-9.52,,4.47,,7152.89,-9.44,10派0.4,03-28
300173,智慧松德,0.11,-15.38,,4.04,,6718.4,-9.7,10派0.3,03-26
600775,南京熊猫,0.12,-9.96,,3.2,,10738.21,-9.94,10派0.7,03-30
002910,庄园牧场,0.46,-14.81,,8.0,,6835.19,-9.96,,03-29
603859,能科股份,0.34,-28.76,,5.82,,3814.82,-10.0,,03-23
002772,众兴菌业,0.39,-20.44,,6.02,,14227.31,-10.24,,03-24
002230,科大讯飞,0.33,-10.81,,5.74,,43467.6,-10.27,10派1转5,03-29
300059,东方财富,0.15,-27.73,,4.86,,63690.16,-10.77,10派0.2转2,03-17
000970,中科三环,0.27,-11.67,,6.7,,28225.93,-10.84,10派0.9,03-30
000028,国药一致,2.47,-11.79,,11.91,,105779.19,-10.86,10派3,03-22
002672,东江环保,0.55,-11.29,,13.53,,47337.6,-11.32,10派1.61,03-30
002902,铭普光磁,0.71,-17.44,,11.77,,8035.78,-11.36,,03-27
603006,联明股份,0.6,-11.76,,12.96,,11362.72,-12.0,,03-31
600547,山东黄金,0.61,-20.78,,7.12,,113742.38,-12.02,10派0.4,03-07
601333,广深铁路,0.14,-12.5,,3.59,,101536.1,-12.34,10派0.8,03-29
603042,华脉科技,0.6,-26.66,,10.56,,7354.58,-12.4,,03-30
300656,民德电子,0.75,-26.86,,13.03,,4045.99,-12.63,,03-13
600386,北巴传媒,0.13,-55.17,,5.74,,10285.68,-12.64,10派1,03-28
002875,安奈儿,0.77,-26.67,,11.38,,6886.98,-12.95,,03-27
000151,中成股份,0.3,-13.38,,8.82,,8736.15,-13.4,10派2.5,03-30
601500,通用股份,0.2,-31.03,,5.76,,14749.93,-13.4,10派0.8,03-28
600635,大众公用,0.16,-27.27,,6.56,,47413.34,-13.42,10派0.6,03-30
600565,迪马股份,0.28,-15.15,,9.91,,66941.79,-13.82,10派0.9,03-27
300322,硕贝德,0.14,-12.5,,9.55,,5777.98,-13.96,10派0.3,03-27
000993,闽东电力,0.06,-14.29,,1.37,,2258.89,-14.21,,03-31
603768,常青股份,0.67,-30.93,,9.1,,12723.1,-14.24,,03-28
601878,浙商证券,0.34,-17.07,,9.22,,106350.78,-14.29,10派1,03-13
000728,国元证券,0.4,-44.44,,5.57,,120374.61,-14.35,10派1.5,03-28
600350,山东高速,0.55,-14.33,,10.29,,264418.2,-14.41,,03-31
000635,英力特,0.31,-13.89,,3.17,,9331.3,-15.01,,03-28
002229,鸿博股份,0.02,-47.68,,0.65,,1076.02,-15.14,10派0.6,03-24
601107,四川成渝,0.29,-15.16,,6.54,,88843.67,-15.16,10派1,03-30
600965,福成股份,0.19,-17.39,,8.7,,15655.8,-15.26,10派0.7,03-28
002799,环球印务,0.15,-51.61,,4.37,,2260.87,-15.63,,03-31
002023,海特高新,0.05,0.0,,0.95,,3436.89,-15.7,,03-27
603156,养元饮品,4.67,-15.72,,38.77,,230987.87,-15.72,,03-31
000973,佛塑科技,0.11,-15.38,,4.87,,10568.33,-15.89,10派0.3,03-24
600576,祥源文化,0.14,-17.65,,4.88,,9141.58,-15.95,,03-30
600649,城投控股,0.66,1.54,,9.16,,175859.43,-16.05,10派2.5,03-20
300403,地尔汉宇,0.48,-66.42,,11.24,,16074.1,-16.09,10派1.6转8,03-30
300117,嘉寓股份,0.09,-18.18,,4.42,,6374.03,-16.43,10派0.1,03-29
300115,长盈精密,0.63,-17.11,,13.69,,57096.55,-16.49,10派1,03-30
002049,紫光国芯,0.46,-16.74,,8.39,,27988.72,-16.73,10派0.5,03-30
002863,今飞凯达,0.3,-31.82,,7.69,,6087.65,-16.74,10派0.9转7,03-20
300479,神思电子,0.11,-16.85,,4.22,,1714.38,-16.8,10派0.3,03-30
600483,福能股份,0.54,-18.18,,8.21,,84353.43,-16.86,10派2,03-16
000628,高新发展,0.08,-17.02,,3.29,,2439.72,-16.92,,03-24
600886,国投电力,0.48,-17.47,,10.91,,323230.0,-17.47,10派1.667,03-27
002414,高德红外,0.09,-19.93,,1.79,,5844.48,-17.52,10派0.15,03-28
300557,理工光科,0.64,-35.35,,7.59,,3584.92,-17.73,10派2.5,03-10
002661,克明面业,0.34,-18.16,,5.45,,11267.52,-17.79,10派2,02-27
300339,润和软件,0.35,-58.82,,6.93,,24941.12,-17.84,10派1,03-28
002249,大洋电机,0.18,-21.74,,4.74,,41775.1,-17.98,10派1.1,03-27
600616,金枫酒业,0.11,-15.38,,2.74,,5518.46,-18.0,,03-31
603969,银龙股份,0.3,-16.67,,7.42,,11825.21,-18.36,,03-21
603089,正裕工业,0.69,-37.27,,10.9,,7200.42,-18.36,10派3,03-30
000928,中钢国际,0.33,-58.03,,9.37,,41775.89,-18.47,10派1.2,03-30
603309,维力医疗,0.32,-20.0,,7.38,,6455.71,-18.54,,03-30
600422,昆药集团,0.42,-18.65,,9.15,,33009.66,-18.95,,03-30
002030,达安基因,0.12,-20.0,,5.29,,8644.78,-18.97,,03-31
002077,大港股份,0.06,-25.0,,0.87,,3363.1,-19.15,,03-28
300593,新雷能,0.31,-39.22,,6.75,,3560.21,-19.26,10派0.5,03-27
002594,比亚迪,1.4,-25.53,,7.76,,406647.8,-19.51,10派1.41,03-28
600830,香溢融通,0.19,-20.17,,4.19,,8628.01,-20.14,,03-03
603978,深圳新星,1.57,-28.96,,11.63,,10453.03,-21.28,,03-27
603078,江化微,0.95,-37.71,,9.09,,5367.79,-22.14,,02-10
002238,天威视讯,0.38,-22.45,,8.68,,23557.5,-22.16,10派2.5,03-30
600259,广晟有色,0.07,-30.0,,1.05,,2048.04,-22.19,,03-30
000812,陕西金叶,0.06,-23.18,,2.88,,2717.13,-22.2,10派0.3送1转4,03-23
603929,亚翔集成,0.6,-41.75,,13.69,,12832.91,-22.34,,03-29
601881,中国银河,0.39,-27.78,,6.33,,398073.04,-22.76,10派1.2,03-29
000421,南京公用,0.26,-22.87,,6.13,,14852.12,-22.89,10派0.5,03-22
603665,康隆达,0.77,-38.4,,9.38,,7225.14,-22.94,10派1.5,03-28
002367,康力电梯,0.41,-26.88,,8.96,,32616.1,-23.09,10派1.5,03-30
600898,国美通讯,0.05,-23.09,,3.29,,1244.67,-23.14,,03-20
300101,振芯科技,0.05,-23.75,,3.59,,3053.98,-23.66,,03-28
000919,金陵药业,0.27,-23.87,,5.34,,13712.65,-23.88,10派1.7,03-27
300375,鹏翎股份,0.65,-24.42,,8.85,,11925.47,-24.19,10派2.4转8,03-31
603777,来伊份,0.42,-39.13,,5.38,,10136.99,-24.42,,03-24
000969,安泰科技,0.06,-26.78,,1.3,,5916.97,-25.13,,03-31
002471,中超控股,0.07,-25.25,,4.52,,8371.84,-25.22,,03-31
600306,商业城,0.46,-25.57,,76.21,,8240.33,-25.57,,03-27
600192,长城电工,0.04,-25.74,,0.85,,1658.31,-25.69,10派0.06,03-26
000952,广济药业,0.42,-25.89,,14.89,,10521.16,-25.82,,03-16
603618,杭电股份,0.15,-28.57,,4.65,,10034.2,-26.2,,01-23
002533,金杯电工,0.23,-26.86,,5.52,,12421.0,-26.49,10派1,03-30
600536,中国软件,0.15,-28.57,,3.6,,7489.84,-26.79,10派0.46,03-30
603033,三维股份,0.45,-61.21,,5.14,,5711.51,-27.79,10派1.5,03-13
300644,南京聚隆,1.18,-29.83,8.83,13.85,0.08,5643.31,-28.26,,01-24
600292,远达环保,0.14,-26.32,,2.23,,10867.74,-28.3,10派0.55,03-28
002674,兴业科技,0.15,-38.21,,1.93,,4513.69,-28.49,10派5,03-27
300131,英唐智控,0.13,-31.58,,7.65,,14300.32,-29.01,10派0.3,03-19
600299,安迪苏,0.49,-30.0,,10.51,,132331.58,-29.06,10派1.73,03-21
002028,思源电气,0.33,-33.06,,5.82,,24919.12,-29.09,10派1,03-24
300381,溢多利,0.2,-33.19,,4.19,,8042.43,-29.18,10派0.4,03-26
000400,许继电气,0.61,-29.36,,8.4,,61377.73,-29.36,10派0.2,03-24
603322,超讯通信,0.27,-38.64,,4.42,,2137.93,-29.42,,03-28
603508,思维列控,0.82,-29.91,,5.26,,13110.08,-29.86,10派3.125,03-24
000541,佛山照明,0.58,-30.96,,15.14,,74030.87,-30.96,10派3.29转1,03-30
603806,福斯特,1.46,-30.81,,12.03,,58519.2,-30.97,10派6转3,03-16
002870,香山股份,0.72,-42.4,,24.47,,7148.96,-31.34,,03-19
300026,红日药业,0.15,-31.82,,7.38,,45072.97,-31.56,10派0.2,03-30
603977,国泰集团,0.31,-47.46,,7.08,,6861.3,-32.03,,03-07
600765,中航重机,0.21,-32.26,,4.6,,16452.07,-32.15,10派0.2,03-12
600575,皖江物流,0.08,-33.33,,3.92,,31991.67,-32.33,,03-22
000856,冀东装备,0.07,-30.0,,5.18,,1554.18,-32.79,,03-22
002114,罗平锌电,0.17,-45.16,,3.25,,5528.97,-33.32,,03-30
300414,中光防雷,0.23,-32.94,,4.85,,3849.59,-33.37,,02-28
002480,新筑股份,0.02,-33.45,,0.54,,1245.64,-33.4,10派0.2,03-30
002106,莱宝高科,0.2,-33.33,,3.82,,14090.45,-33.46,,03-31
002688,金河生物,0.17,-34.62,,7.2,,10842.39,-33.94,10派0.3,03-15
000698,沈阳化工,0.27,-35.71,,5.18,,22484.87,-33.96,,03-30
603303,得邦照明,0.55,-68.98,,15.47,,21008.91,-34.08,10派1.3,03-10
000514,渝开发,0.1,-34.11,,2.73,,8079.67,-34.13,10派0.2,03-10
002326,永太科技,0.22,-37.14,,7.15,,18223.61,-34.22,10派1,03-06
600416,湘电股份,0.1,-41.18,,1.36,,9119.73,-34.29,10派0.3,03-30
600871,*ST油服,-0.75,-34.33,,,,-1058254.1,-34.33,,03-28
600717,天津港,0.49,-34.67,,4.78,,82387.65,-34.8,10派1.48,03-24
002786,银宝山新,0.17,-34.62,,6.01,,6454.91,-34.83,10派0.17,03-30
600218,全柴动力,0.17,-34.62,,3.24,,6148.18,-35.21,10派0.5,03-30
600520,文一科技,0.05,-37.5,,1.84,,795.11,-35.62,,03-20
603258,电魂网络,0.69,-48.89,,10.46,,16451.33,-35.76,,03-28
300647,超频三,0.31,-47.46,,7.82,,3353.06,-36.51,,03-28
000722,湖南发展,0.19,-36.67,,3.24,,8900.81,-36.65,,03-31
600353,旭光股份,0.05,-36.7,,2.58,,2757.71,-36.71,10派0.16,02-14
002606,大连电瓷,0.15,-68.09,,6.87,,5931.23,-37.01,10派0.15,03-30
002324,普利特,0.64,-37.86,,7.92,,17423.21,-37.31,,03-31
300181,佐力药业,0.07,-41.67,,3.38,,4514.03,-37.32,10派0.2,03-16
600495,晋西车轴,0.01,-50.0,,0.54,,1680.8,-37.62,10派0.1,03-29
601375,中原证券,0.11,-50.0,,4.24,,44198.26,-38.5,10派0.35,03-30
300034,钢研高纳,0.14,-39.8,,4.38,,5819.21,-39.36,10派0.7,03-23
002519,银河电子,0.16,-69.23,,5.0,,18728.66,-39.58,,03-20
002053,云南能投,0.29,-39.98,,7.04,,16212.8,-39.98,10派1,03-30
300033,同花顺,1.35,-40.0,,24.68,,72565.38,-40.11,10派9,02-28
000802,北京文化,0.43,-50.45,,6.71,,31033.35,-40.59,10派0.41,03-06
000029,深深房A,0.18,-40.62,,6.76,,18498.85,-40.63,,03-29
002374,丽鹏股份,0.1,-50.0,,2.86,,9005.78,-42.12,,03-06
002178,延华智能,0.03,-50.0,,2.17,,2520.32,-43.32,,03-29
601901,方正证券,0.18,-41.94,4.55,3.99,1.05,145295.79,-43.45,,03-31
600675,中华企业,0.2,-44.16,,10.68,,36677.23,-44.04,,02-14
600463,空港股份,0.05,-44.14,,1.13,,1572.52,-44.14,10派0.16,03-14
300569,天能重工,0.64,-76.11,,5.81,,9558.28,-44.22,,03-28
002465,海格通信,0.13,-48.0,,3.89,,29328.42,-44.68,10派0.8,03-28
002616,长青集团,0.12,-73.62,,4.3,,8758.04,-46.31,,03-27
600060,海信电器,0.72,-46.43,,7.0,,94188.23,-46.45,10派2.16,03-29
000712,锦龙股份,0.22,-46.34,,5.24,,19428.32,-46.85,10派1,03-22
600343,航天动力,0.02,-46.88,,0.72,,1575.49,-46.88,,03-31
002796,世嘉科技,0.32,-52.94,,5.29,,2569.25,-47.15,,03-20
600052,浙江广厦,0.22,-46.34,,8.62,,18859.22,-47.24,,03-23
601555,东吴证券,0.26,-48.0,,3.85,,78812.28,-47.4,10派1.5,03-29
000905,厦门港务,0.2,-48.72,,4.13,,10865.62,-47.41,10派0.2,03-24
000550,江铃汽车,0.8,-47.71,,5.51,,69093.82,-47.58,10派3.2,03-24
000536,华映科技,0.07,-80.96,,1.57,,20498.49,-48.19,10派1,03-03
300130,新国都,0.29,-51.67,,4.46,,7193.39,-48.26,10派1.5转8,03-22
600664,哈药股份,0.16,-50.0,,5.6,,40697.59,-48.36,10派5,02-10
600053,九鼎投资,0.75,-48.43,,17.2,,32384.65,-48.43,,03-21
002703,浙江世宝,0.04,-79.4,,2.21,,3265.61,-48.56,,03-26
603021,山东华鹏,0.08,-82.22,,1.96,,2636.47,-48.67,,03-16
000096,广聚能源,0.28,-49.09,,6.46,,15019.4,-48.72,10派0.2,03-27
002409,雅克科技,0.1,-50.64,,2.25,,3452.8,-49.1,10派0.11,03-30
000686,东北证券,0.28,-51.72,,4.26,,66694.66,-49.28,10派1,03-30
300436,广生堂,0.24,-49.24,,6.43,,3356.53,-49.46,,03-21
002662,京威股份,0.25,-70.59,,6.69,,31672.38,-50.16,,03-22
000727,华东科技,0.0,-50.0,,0.11,,1164.62,-50.65,,03-28
600433,冠豪高新,0.04,-55.56,,2.09,,5279.02,-51.36,10派0.13,03-19
600199,金种子酒,0.01,-66.67,,0.36,,818.98,-51.88,10派0.1,03-17
601633,长城汽车,0.55,-52.42,,10.48,,502729.8,-52.35,10派1.7,03-24
002017,东信和平,0.11,-54.17,,4.08,,3772.82,-53.83,10派0.3,03-30
300256,星星科技,0.1,-55.93,,1.95,,6661.28,-54.39,10派0.2转5,03-24
002631,德尔未来,0.13,-55.17,,5.72,,8564.44,-55.17,10派0.2,03-30
002272,川润股份,0.02,-55.91,,0.55,,643.89,-55.74,,03-23
600493,凤竹纺织,0.09,-55.98,,3.59,,2482.78,-56.0,,03-31
000677,恒天海龙,0.0,-57.69,,0.71,,193.17,-57.28,,03-30
601360,三六零,0.17,-57.38,,4.05,,6811.74,-57.28,,02-02
000777,中核科技,0.12,-57.75,,3.43,,4456.09,-57.73,10派0.4,03-27
300302,同有科技,0.12,-61.29,,6.91,,5082.66,-60.53,10派0.2,03-13
300483,沃施股份,0.09,-62.5,,1.33,,581.44,-60.62,,02-06
000404,华意压缩,0.15,-66.28,,3.41,,9712.36,-61.5,,03-31
600583,海油工程,0.11,-63.33,,2.13,,49105.55,-62.67,10派0.5,03-29
600418,江淮汽车,0.23,-68.06,,3.12,,43189.18,-62.83,10派0.7,03-21
000565,渝三峡A,0.19,-63.46,,8.01,,8112.54,-63.7,10派0.2,03-21
300534,陇神戎发,0.06,-91.59,,2.42,,1711.22,-63.79,10派0.12,03-23
601872,招商轮船,0.12,-63.64,,3.89,,61443.29,-64.48,10派0.35,03-28
000590,启迪古汉,0.08,-66.65,,4.42,,1917.38,-65.25,,03-31
600826,兰生股份,0.69,-65.5,,7.9,,28819.25,-65.71,10派2.1,03-24
002302,西部建设,0.1,-67.74,,2.46,,10574.12,-66.57,10派0.7,03-30
603528,多伦科技,0.16,-89.91,,7.48,,10193.06,-66.99,,03-30
600973,宝胜股份,0.07,-76.17,,2.4,,8623.74,-67.54,,03-31
000936,华西股份,0.22,-67.65,,4.17,,19539.96,-67.67,10派0.3,03-30
300520,科大国创,0.09,-87.5,,3.44,,1837.44,-67.72,10派0.25,03-27
000531,穗恒运A,0.27,-67.88,,4.71,,18423.96,-67.87,,03-31
300516,久之洋,0.37,-71.76,,3.84,,4454.2,-68.39,,03-30
600458,时代新材,0.09,-70.0,,1.41,,6922.39,-71.39,10派0.5,03-29
000014,沙河股份,0.04,-73.34,,1.03,,763.03,-73.32,10派0.1,03-29
000949,新乡化纤,0.02,-77.26,,0.85,,3027.34,-73.68,10派0.1,03-29
300491,通合科技,0.07,-86.27,,2.62,,1071.75,-73.88,,03-20
601038,一拖股份,0.06,-74.52,,1.17,,5651.42,-74.7,,03-30
600719,大连热电,0.01,-75.3,,0.46,,335.68,-75.31,10派0.03,03-23
000958,东方能源,0.08,-84.31,,2.58,,6769.96,-76.05,,03-31
600975,新五丰,0.07,-76.67,,3.7,,4491.2,-77.16,10派1,03-24
600689,上海三毛,0.1,-78.26,2.28,4.69,,2070.27,-77.62,,03-31
300562,乐心医疗,0.09,-94.92,,3.52,,1784.07,-77.84,,03-30
600819,耀皮玻璃,0.05,-79.17,,1.59,,4794.75,-78.76,10派0.16,03-24
600714,金瑞矿业,0.04,-80.0,,2.05,,1221.59,-78.8,,03-24
600011,华能国际,0.11,-81.03,,2.47,,179315.1,-79.66,10派1,03-14
000810,创维数字,0.09,-81.25,,3.55,,9433.57,-80.61,,03-23
300092,科新机电,0.03,-81.31,,1.12,,598.51,-81.23,10派0.12,03-28
300282,汇冠股份,0.09,-83.93,,0.99,,2227.85,-82.28,,03-30
601099,太平洋,0.02,-83.0,,0.99,,11627.88,-82.59,10派0.1,03-24
601069,西部黄金,0.03,-82.76,,1.29,,2181.0,-82.77,10派0.11,03-21
000543,皖能电力,0.07,-86.0,,1.25,,13205.43,-85.15,10派0.1,03-24
000521,美菱电器,0.03,-88.55,,0.64,,3247.32,-85.25,10派0.6,03-30
600647,同达创业,0.08,-86.17,,3.11,,1113.87,-86.18,,03-31
600027,华电国际,0.04,-87.02,,1.02,,43012.7,-87.14,10派0.18,03-27
000619,海螺型材,0.03,-88.1,,0.37,,903.15,-88.11,,03-22
000600,建投能源,0.09,-88.41,,1.54,,16838.83,-88.41,10派0.8,03-28
601918,新集能源,0.01,-90.32,,0.48,,2213.36,-90.84,,03-30
000899,赣能股份,0.02,-95.78,,0.36,,1645.01,-95.65,,03-27
000037,深南电A,0.03,-98.62,,0.82,,1590.42,-98.78,,03-22
600725,ST云维,0.01,-99.73,,3.82,,818.13,-99.47,,03-29
601808,中海油服,0.01,-100.29,,0.09,,3306.71,-100.29,10派0.6,03-28
000852,石化机械,0.02,-101.13,,0.54,,941.38,-101.14,,03-30
601608,中信重工,0.01,-102.7,,0.44,,3132.2,-101.98,10派0.062,03-26
600540,*ST新赛,0.02,-102.35,,1.79,,1110.02,-102.34,,03-28
600696,ST匹凸,0.05,-103.7,,6.76,,1803.47,-103.92,,01-31
600311,荣华实业,0.0,-104.0,,0.31,,257.26,-103.96,,03-27
300313,天山生物,0.04,-105.56,,2.05,,744.43,-105.33,,03-13
600096,云天化,0.15,-105.95,,4.95,,20185.85,-106.01,,03-23
002490,*ST墨龙,0.05,-106.49,,2.07,,3803.85,-106.21,,03-30
601005,重庆钢铁,0.04,-103.77,,,,32008.6,-106.83,,02-28
002417,深南股份,0.03,-107.69,,2.22,,767.18,-107.28,,03-27
600423,*ST柳化,0.15,-107.35,,982.14,,6155.15,-107.54,,02-10
002428,云南锗业,0.01,-106.25,,0.57,,846.44,-108.2,,03-30
000410,沈阳机床,0.15,-108.2,,16.41,,11775.16,-108.39,,01-31
300105,龙源技术,0.03,-109.7,,0.71,,1598.64,-109.72,,03-22
002159,三特索道,0.04,-110.26,,0.67,,550.14,-110.2,,03-16
600478,科力远,0.02,-110.53,,1.59,,2201.56,-110.4,,03-27
002225,濮耐股份,0.03,-114.29,,0.93,,2218.85,-112.0,,03-28
600556,ST慧球,0.01,-114.29,,4.0,,316.9,-112.02,,02-14
601028,玉龙股份,0.1,-112.41,,4.01,,7967.79,-112.44,,03-30
600860,*ST京城,0.05,-114.29,,3.61,,2086.84,-114.03,,03-27
600267,海正药业,0.01,-110.0,,0.2,,1356.62,-114.37,10派0.5,03-27
000629,*ST钒钛,0.1,-114.42,,22.34,,86328.2,-114.42,,03-20
000972,*ST中基,0.05,-115.17,,4.28,,3668.99,-114.44,,03-23
601969,海南矿业,0.02,-113.33,,0.94,,4553.84,-115.93,,03-24
002248,*ST东数,0.12,-115.94,,5.62,,3713.73,-115.94,,03-30
000659,*ST中富,0.07,-115.56,,17.78,,9396.96,-116.39,,03-23
600358,国旅联合,0.06,-119.57,,6.15,,3230.68,-119.81,,03-23
000953,*ST河化,0.1,-120.78,,,,2946.24,-120.78,,02-28
600561,江西长运,0.09,-121.95,,1.45,,2035.14,-120.84,,03-31
603333,明星电缆,0.03,-120.0,,1.2,,1688.32,-121.76,10派0.1,03-20
600707,彩虹股份,0.05,-113.51,,1.33,,5968.72,-121.9,,03-30
600733,SST前锋,0.04,-123.08,,4.09,,772.2,-123.12,10送4转20,02-08
600403,*ST大有,0.2,-124.39,,7.01,,48039.15,-124.48,10派0.61,03-30
601919,中远海控,0.26,-126.8,,13.77,,266193.59,-126.87,,03-30
000922,*ST佳电,0.22,-127.59,,8.07,,12050.21,-127.6,,03-17
600071,凤凰光学,0.14,-128.57,,8.24,,3353.28,-129.06,,03-08
000800,一汽轿车,0.17,-129.47,,3.59,,28123.68,-129.47,,03-31
002400,省广集团,-0.11,-122.0,,-3.65,,-18410.58,-130.12,,03-29
000819,岳阳兴长,-0.04,-130.77,,-1.45,,-985.06,-132.47,,03-27
000608,阳光股份,0.2,-132.26,,5.23,,15236.5,-132.54,10派0.3,03-17
000803,*ST金宇,0.17,-135.27,,30.08,,2174.06,-135.27,,02-28
600875,东方电气,0.29,-138.16,,3.13,,67307.91,-137.72,,03-30
000782,美达股份,0.07,-146.67,,2.95,,3500.1,-142.94,10派0.4,03-06
600455,博通股份,0.07,-143.75,,3.48,,439.45,-143.99,,03-31
300309,吉艾科技,0.44,-144.44,,13.89,,21226.47,-148.32,,03-27
603800,道森股份,0.14,-148.7,,3.18,,2923.46,-148.69,10派1,03-30
300301,长方集团,0.05,-154.77,,1.69,,3623.84,-157.76,,03-01
600322,天房发展,0.2,-158.03,,5.11,,21812.58,-157.89,,03-20
300275,梅安森,0.26,-160.71,,8.14,,4201.91,-160.11,,03-16
000045,深纺织A,0.1,-158.82,,2.23,,5277.61,-160.47,,03-29
000731,四川美丰,0.26,-162.15,,6.12,,15560.33,-162.15,10派0.8,03-27
601991,大唐发电,0.13,-165.25,,4.22,,171181.0,-165.25,10派0.9,03-30
600497,驰宏锌锗,0.26,-164.22,,11.88,,115518.3,-169.89,10派0.3,03-20
600767,*ST运盛,0.13,-176.05,,17.71,,4342.22,-176.34,,03-30
002140,东华科技,-0.14,-177.78,,-3.16,,-6313.58,-177.18,,03-31
600077,宋都股份,0.12,-180.0,,4.25,,15567.56,-178.04,10派0.15,02-10
002571,*ST德力,0.13,-182.48,,3.37,,5057.88,-182.5,,03-15
000721,西安饮食,-0.02,-191.09,,-1.69,,-1125.29,-191.11,,03-28
600265,ST景谷,-0.24,-192.31,,,,-3095.97,-191.84,,03-24
600877,*ST嘉陵,0.44,-197.99,,170.19,,30155.12,-197.97,,03-26
600121,*ST郑煤,0.62,-199.63,,20.44,,62744.6,-199.63,,03-31
002667,鞍重股份,0.17,-200.0,,3.1,,2316.15,-199.74,10派0.24,03-21
300052,中青宝,0.19,-200.0,,4.4,,5029.67,-201.14,10派0.2,03-21
600678,四川金顶,0.08,-202.22,,168.91,,2885.8,-202.16,,02-14
000613,大东海A,0.01,-208.22,,3.78,,285.9,-207.44,,02-01
002568,百润股份,0.22,-237.5,,10.8,,18264.53,-224.23,,03-15
002430,杭氧股份,0.41,-220.59,,9.13,,36070.4,-227.63,,03-31
000683,远兴能源,0.18,-212.5,,8.39,,71151.1,-238.76,10派0.2,02-28
000157,中联重科,0.17,-241.67,,3.57,,133192.37,-242.65,10派2,03-30
600844,丹化科技,0.26,-236.71,,13.38,,26608.38,-261.94,,02-26
600571,信雅达,-0.48,-271.43,,-18.53,,-20886.72,-270.35,,03-30
000610,西安旅游,-0.08,-273.07,,-2.35,,-1856.23,-273.26,,03-28
000159,国际实业,-0.14,-288.25,,-3.09,,-6630.53,-288.27,,03-29
000063,中兴通讯,1.09,-291.23,7.55,15.74,1.72,456817.2,-293.78,10派3.3,03-16
002547,春兴精工,-0.32,-300.0,,-12.85,,-35914.06,-319.72,,03-26
000897,津滨发展,-0.07,-353.61,,-9.63,,-11935.91,-353.65,,03-21
600805,悦达投资,-0.33,-353.85,,-4.45,,-28124.58,-355.32,,03-30
000502,绿景控股,-0.45,-364.71,,-48.79,,-8326.08,-359.27,,03-30
600608,*ST沪科,0.19,-371.43,,346.0,,6232.12,-361.89,,03-27
000576,广东甘化,-0.64,-378.26,,-24.27,,-28305.14,-376.4,,03-24
600716,凤凰股份,-0.16,-388.6,,-4.54,,-15401.37,-393.73,,03-29
600836,界龙实业,0.05,-388.24,,3.68,,3228.21,-393.92,10派0.15,03-24
600618,氯碱化工,0.86,-402.57,,40.85,,99260.33,-402.54,10派0.35,03-16
600022,山东钢铁,0.18,-346.91,,11.32,,192445.25,-420.8,,03-30
600784,鲁银投资,-0.24,-428.77,,-8.94,,-13663.27,-427.53,,03-30
600889,南京化纤,-0.99,-429.0,,-22.95,,-30295.09,-433.53,,03-30
000932,华菱钢铁,1.37,-490.54,,49.69,,412091.95,-490.55,,02-13
002289,宇顺电子,-0.45,-384.61,,-23.83,,-12745.41,-526.91,,03-31
000868,安凯客车,-0.33,-571.43,,-19.1,,-23015.27,-548.2,,03-21
600249,两面针,-0.26,-620.0,,-7.49,,-14400.04,-635.26,,03-30
600301,ST南化,-0.14,-639.45,,-12.85,,-3247.99,-640.05,,02-10
000822,山东海化,0.77,-650.0,,27.54,,68518.87,-656.67,10派0.5,03-07
600744,华银电力,-0.65,-690.91,,-32.47,,-115714.34,-715.42,,03-30
600724,宁波富达,-0.6,-785.02,,-40.57,,-87216.48,-784.81,,03-30
002660,茂硕电源,0.05,-600.0,,1.51,,1306.5,-830.65,,03-28
600579,天华院,-0.11,-650.0,,-3.98,,-4693.77,-847.43,,03-28
600794,保税科技,-0.19,-1050.0,,-11.93,,-22648.16,-1018.3,,03-27
002297,博云新材,-0.13,-1400.0,,-4.0,,-6238.86,-1091.61,,03-28
000927,一汽夏利,-1.03,-1110.22,,-186.83,,-164053.54,-1110.64,,03-31
000911,南宁糖业,-0.6,-1100.0,,-12.88,,-19305.26,-1117.14,,03-21
600392,盛和资源,0.26,-856.16,,8.36,,33654.69,-1124.42,10派0.3转3,03-29
000792,盐湖股份,-1.49,-912.68,,,,-415923.79,-1318.77,,03-31
000862,银星能源,-0.27,-1435.0,,-7.04,,-18861.37,-1809.98,,03-22
000737,*ST南风,-0.77,-2106.28,,,,-42058.17,-2108.29,,02-13
000553,沙隆达A,0.66,-626.4,,9.05,,154587.9,-2175.28,10派0.63,03-29
000875,吉电股份,-0.16,-1897.75,,-4.54,,-33953.39,-2710.81,,03-30
600396,金山股份,-0.61,-4265.75,,-28.43,,-89567.58,-4277.11,,03-30
002423,中原特钢,-0.51,-5228.0,,-15.17,,-25792.04,-5062.01,,03-30
601968,宝钢包装,0.01,0.0,,0.33,,,,,03-31
600131,岷江水电,0.16,-51.52,,7.46,,,,,03-31
